periode_data,tahun,nama_perpustakaan,wilayah,kecamatan,kelurahan,alamat
2022,2022,SEKOLAH DASAR NEGERI SERDANG 03,JAKARTA PUSAT,KEMAYORAN,SERDANG,"Jl. Lapangan Pors Rt. 015 04 SERDANG, KEMAYORAN JAKARTA PUSAT"
2022,2022,SEKOLAH DASAR NEGERI SERDANG 07 PAGI,JAKARTA PUSAT,KEMAYORAN,SERDANG,"Jl. Kampung Irian II RT.7 RW.6 SERDANG, KEMAYORAN JAKARTA PUSAT"
2022,2022,SEKOLAH DASAR NEGERI SERDANG 11,JAKARTA PUSAT,KEMAYORAN,SERDANG,"Jl. Kp. Irian II No. 24 RT.7 RW.6 SERDANG, KEMAYORAN JAKARTA PUSAT"
2022,2022,SEKOLAH DASAR NEGERI SUMUR BATU 01 PAGI,JAKARTA PUSAT,KEMAYORAN,SERDANG,"Jl. Kp. Irian II No. 24 RT.7 RW.6 SERDANG, KEMAYORAN JAKARTA PUSAT"
2022,2022,SEKOLAH DASAR NEGERI SUMUR BATU 03 PAGI,JAKARTA PUSAT,KEMAYORAN,SUMUR BATU,"Jl. Sumur Batu Utara No.2 RT.11 RW.2 SUMUR BATU, KEMAYORAN JAKARTA PUSAT"
2022,2022,SEKOLAH DASAR NEGERI SUMUR BATU 06,JAKARTA PUSAT,KEMAYORAN,SUMUR BATU,"Jl. Sumur Batu Utara No.2 RT.7 RW.2 SUMUR BATU, KEMAYORAN JAKARTA PUSAT"
2022,2022,SEKOLAH DASAR NEGERI SUMUR BATU 08 PAGI,JAKARTA PUSAT,KEMAYORAN,SUMUR BATU,"Jl. Sumur Batu Utara No.2 RT.14 RW.1 SUMUR BATU, KEMAYORAN JAKARTA PUSAT"
2022,2022,SEKOLAH DASAR NEGERI SUMUR BATU 12 PG,JAKARTA PUSAT,KEMAYORAN,SUMUR BATU,"JL. NILAM RAYA NO. 6 RT RW015 002 SUMUR BATU, KEMAYORAN JAKARTA PUSAT"
2022,2022,SEKOLAH DASAR NEGERI SUMUR BATU 14 PAGI,JAKARTA PUSAT,KEMAYORAN,SUMUR BATU,"JL. NILAM RAYA NO. 6 RT RW02 002 SUMUR BATU, KEMAYORAN JAKARTA PUSAT"
2022,2022,SEKOLAH DASAR NEGERI SUMUR BATU 15 PT,JAKARTA PUSAT,KEMAYORAN,SUMUR BATU,"JL. NILAM RAYA NO. 5 RT RW02 001 SUMUR BATU, KEMAYORAN JAKARTA PUSAT"
2022,2022,SEKOLAH DASAR NEGERI UTAN PANJANG 03 PAGI,JAKARTA PUSAT,KEMAYORAN,UTAN PANJANG,"Jl. Bendungan Jago RT RW 4 1 UTAN PANJANG, KEMAYORAN JAKARTA PUSAT"
2022,2022,SEKOLAH DASAR NEGERI Bungur 01,JAKARTA PUSAT,SENEN,BUNGUR,"Jl. Angsana No. 4 RT.7 RW.8 BUNGUR, SENEN JAKARTA PUSAT"
2022,2022,SEKOLAH DASAR NEGERI Bungur 03 Pg.,JAKARTA PUSAT,SENEN,BUNGUR,"Jl. Angsana No. 4 RT.7 RW.8 BUNGUR, SENEN JAKARTA PUSAT"
2022,2022,SEKOLAH DASAR NEGERI Paseban 05 Pagi,JAKARTA PUSAT,SENEN,PASEBAN,"Jl. Kramat Sawah Baru RT 8 RW 7 PASEBAN, SENEN JAKARTA PUSAT"
2022,2022,SEKOLAH DASAR NEGERI Kramat 06 Pg.,JAKARTA PUSAT,SENEN,KRAMAT,"Jl. Kramat Sentiong No. 48 RT RW7 8 KRAMAT, SENEN JAKARTA PUSAT"
2022,2022,SEKOLAH DASAR NEGERI Paseban 09 Pg.,JAKARTA PUSAT,SENEN,PASEBAN,"Jl. Salemba Tengah I  21 RT.5 RW.8 PASEBAN, SENEN JAKARTA PUSAT"
2022,2022,SEKOLAH DASAR NEGERI Paseban 18 Pg.,JAKARTA PUSAT,SENEN,PASEBAN,"Jl. H. Murthado VIII No A717 RT RW6 19 PASEBAN, SENEN JAKARTA PUSAT"
2022,2022,SEKOLAH DASAR NEGERI Kenari 07,JAKARTA PUSAT,SENEN,KENARI,"Jl. Salemba Raya No. 18 RT RW 6 3 KENARI, SENEN JAKARTA PUSAT"
2022,2022,SEKOLAH DASAR NEGERI Kenari 08,JAKARTA PUSAT,SENEN,KRAMAT,"Jl. Salemba Raya No. 18 RT RW 3 6 KENARI, SENEN JAKARTA PUSAT"
2022,2022,SEKOLAH DASAR NEGERI Kramat 03 Pg.,JAKARTA PUSAT,SENEN,KRAMAT,"Jl. Kalibaru No. 34 RT RW.8 3 KRAMAT, SENEN JAKARTA PUSAT"
2022,2022,SEKOLAH DASAR NEGERI Paseban 07 Pagi,JAKARTA PUSAT,SENEN,PASEBAN,"Jl. Salemba Tengah No.278 C RT.5 RW.8 PASEBAN, SENEN JAKARTA PUSAT"
2022,2022,SEKOLAH DASAR NEGERI PASEBAN 11 PAGI,JAKARTA PUSAT,SENEN,PASEBAN,"Jl. Salemba Tengah I  21 RT.1 RW.3 PASEBAN, SENEN JAKARTA PUSAT"
2022,2022,SEKOLAH DASAR NEGERI Paseban 15 Pg.,JAKARTA PUSAT,SENEN,PASEBAN,"Jl. H. Murthado VIII RT RW 6 19 PASEBAN, SENEN JAKARTA PUSAT"
2022,2022,SEKOLAH DASAR NEGERI Senen 03 Pg.,JAKARTA PUSAT,SENEN,-,"Jl. Abdul Rahman Saleh I  8 RT RW 2 3 SENEN, JAKARTA PUSAT"
2022,2022,SEKOLAH DASAR NEGERI CEMPAKA PUTIH BARAT 01 PAGI,JAKARTA PUSAT,CEMPAKA PUTIH,CEMPAKA PUTIH BARAT,"Jl. Cempaka Putih Barat II G RT.9 RW.3, CEMPAKA PUTIH BARAT, CEMPAKA PUTIH JAKARTA PUSAT"
2022,2022,SEKOLAH DASAR NEGERI Cempaka Putih Barat 03 Pg,JAKARTA PUSAT,CEMPAKA PUTIH,CEMPAKA PUTIH BARAT,"Jl. Pangkalan Asem No. 14 RT.1 RW.2 CEMPAKA PUTIH BARAT, CEMPAKA PUTIH AKARTA PUSAT"
2022,2022,SEKOLAH DASAR NEGERI Cempaka Putih Barat 07 Pg.,JAKARTA PUSAT,CEMPAKA PUTIH,RAWASARI,"Jl. Pramukasari IV KOMPLEK BRI 5 13 RAWASARI, CEMPAKA PUTIH JAKARTA PUSAT"
2022,2022,SEKOLAH DASAR NEGERI RAWASARI 03 PAGI,JAKARTA PUSAT,CEMPAKA PUTIH,RAWASARI,"Jl. Pramukasari IV KOMPLEK BRI RT RW 5 13 RAWASARI, CEMPAKA PUTIH JAKARTA PUSAT"
2022,2022,SEKOLAH DASAR NEGERI CEMPAKA PUTIH BARAT 17 PAGI,JAKARTA PUSAT,CEMPAKA PUTIH,CEMPAKA PUTIH BARAT,"Jl. Cempaka Putih Barat XIV No.F15 RT.3 RW.7 CEMPAKA PUTIH BARAT, CEMPAKA PUTIH JAKARTA PUSAT"
2022,2022,SEKOLAH DASAR NEGERI CEMPAKA PUTIH TIMUR 01PG,JAKARTA PUSAT,CEMPAKA PUTIH,CEMPAKA PUTIH TIMUR,"Jl. Rawasari Timur Iv 2 RT.16 RW.2 CEMPAKA PUTIH TIMUR, CEMPAKA PUTIH JAKARTA PUSAT"
2022,2022,SEKOLAH DASAR NEGERI CEMPAKA PUTIH TIMUR 03 PAGI,JAKARTA PUSAT,CEMPAKA PUTIH,CEMPAKA PUTIH TIMUR,"JL. RAWASARI BARAT 1   1 RT.6 RW.1 CEMPAKA PUTIH TIMUR, CEMPAKA PUTIH JAKARTA PUSAT"
2022,2022,SEKOLAH DASAR NEGERI KEBON MELATI 01 PG,JAKARTA PUSAT,TANAH ABANG,KEBON MELATI,"Jl. Sabeni No. 12 RT RW.001 012KEBON MELATI, TANAH ABANG JAKARTA PUSAT"
2022,2022,SD NEGERI DURI PULO 02 PAGI,JAKARTA PUSAT,GAMBIR,DURI PULO,"l.setia Kawan III no.25 RT.1 RW.7 DURI PULO, GAMBIR JAKARTA PUSAT"
2022,2022,SD NEGERI DURI PULO 07 Perpustakaan SD NEGERI DURI PULO 07,JAKARTA PUSAT,GAMBIR,DURI PULO,"Jl. K.H. Zainul Arifin No.71 RT.9 RW.10 DURI PULO, GAMBIR JAKARTA PUSAT"
2022,2022,SD NEGERI PETOJO UTARA 01 PAGI,JAKARTA PUSAT,GAMBIR,PETOJO UTARA,"Jl. Petojo Selatan I 27 RT RW.5 15 PETOJO UTARA, GAMBIR JAKARTA PUSAT"
2022,2022,SD NEGERI PETOJO UTARA 09 PAGI Ruang perpustakaan,JAKARTA PUSAT,GAMBIR,PETOJO BARAT,"Jl.petojo Barat No.45 PETOJO UTARA, GAMBIR JAKARTA PUSAT"
2022,2022,SD NEGERI KARANG ANYAR 03 PG,JAKARTA PUSAT,SAWAH BESAR,KARANG ANYAR,Jl.karang Anyar Ix 17 KARANG ANYAR SAWAH BESAR JAKARTA PUSAT
2022,2022,SD NEGERI KARANG ANYAR 04 PT,JAKARTA PUSAT,SAWAH BESAR,KARANG ANYAR,Jl.karang Anyar Ix 17 KARANG ANYAR SAWAH BESAR JAKARTA PUSAT
2022,2022,SD NEGERI KARANG ANYAR 01 PG,JAKARTA PUSAT,SAWAH BESAR,KARANG ANYAR,"Jl.b Iii Karang Anyar Pasar RT.4 RW.5 KARANG ANYAR, SAWAH BESAR JAKARTA PUSAT"
2022,2022,SD NEGERI MANGGA DUA SELATAN 05 PG,JAKARTA PUSAT,SAWAH BESAR,MANGGA DUA SELATAN,"JL. MANGGA BESAR XIII A RT RW.1 6 MANGGA DUA SELATAN, SAWAH BESAR JAKARTA PUSAT"
2022,2022,SD NEGERI CEMPAKA BARU 05,JAKARTA PUSAT,KEMAYORAN,CEMPAKA BARU,"Jl. Sumur Batu Rt.05 05 No.4 CEMPAKA BARU, KEMAYORAN JAKARTA PUSAT"
2022,2022,SD NEGERI CEMPAKA BARU 07 PG,JAKARTA PUSAT,KEMAYORAN,CEMPAKA BARU,"Jl. Sumur Batu Raya Timur CEMPAKA BARU, KEMAYORAN JAKARTA PUSAT"
2022,2022,SD NEGERI CEMPAKA BARU 12,JAKARTA PUSAT,KEMAYORAN,CEMPAKA BARU,"Jl. Remaja II RT.5 RW.8 CEMPAKA BARU, KEMAYORAN JAKARTA PUSAT"
2022,2022,SDIT KAFFAH ISLAMIC SHOOL,JAKARTA PUSAT,SENEN,PASEBAN,"Jalan Pramuka 16 No.549A, RT.15 RW.6, Paseban, Kec. Senen, Kota Jakarta Pusat"
2022,2022,SDS Santa Maria Perpustakaan SDS Santa Maria,JAKARTA PUSAT,GAMBIR,KEBON KELAPA,"Jl. Ir. Juanda No. 29 07 03 KEBON KELAPA, GAMBIR JAKARTA PUSAT"
2022,2022,SDK ALETHEIA,JAKARTA PUSAT,KEMAYORAN,GUNUNG SAHARI UTARA,JL. RAJAWALI SELATAN XII NO 4 RT.13 RW.2 GUNUNG SAHARI UTARA
2022,2022,SD AL MARHAMAH,JAKARTA PUSAT,KEMAYORAN,GUNUNG SAHARI SELATAN,"Jl.angkasa Dalam II 52 RT.3 RW.7 GUNUNG SAHARI SELATAN, KEMAYORAN"
2022,2022,SD TP KENCANA,JAKARTA PUSAT,KEMAYORAN,HARAPAN MULIA,"Jl. Waja III   1 RT.2 RW.2 HARAPAN MULIA, KEMAYORAN"
2022,2022,SDS AL MUDDATSIRIYAH,JAKARTA PUSAT,KEMAYORAN,UTAN PANJANG,"Jl. F. Raya Komp. Listrik 1 16 UTAN PANJANG, KEMAYORAN"
2022,2022,SD SANTO MIKAEL,JAKARTA PUSAT,KEMAYORAN,SUMUR BATU,"Jl. Ranjau No. 13 RT.5 RW.5 SUMUR BATU, KEMAYORAN"
2022,2022,SDS Muhammadiyah II,JAKARTA PUSAT,SENEN,KRAMAT,"Jl. Kramat Raya No. 49 RT.003 04 KRAMAT, SENEN"
2022,2022,SDS Perg. Advent Salemba,JAKARTA PUSAT,SENEN,PASEBAN,"Jl. Salemba Raya No. 47 RT.5 RW.4 PASEBAN, SENEN"
2022,2022,SDS SINT YOSEPH,JAKARTA PUSAT,SENEN,KENARI,"Jl. Kramat Raya No. 134 RT.1 RW.9 KENARI, SENEN"
2022,2022,SDS PERGURUAN CIKINI,JAKARTA PUSAT,MENTENG,CIKINI,"Jl. Cikini Raya 74-76 RT.14 RW.05 CIKINI, MENTENG"
2022,2022,SDS ADVENT IV BENHIL,JAKARTA PUSAT,TANAH ABANG,BENDUNGAN HILIR,"Jl. Taman Bend. Jatiluhur 62 RT.01 RW.01 BENDUNGAN HILIR, TANAH ABANG"
2022,2022,SD ISLAM AL-ABRAR,JAKARTA PUSAT,TANAH ABANG,BENDUNGAN HILIR,"Jln. Bendungan Hilir Raya No.148 RT.012 RW.06 BENDUNGAN HILIR, TANAH ABANG"
2022,2022,SMPN 2 JAKARTA,JAKARTA PUSAT,JOHAR BARU,JOHAR BARU,"Jl. Mardani Raya RT.1 RW.5 JOHAR BARU, JOHAR BARU"
2022,2022,SMP Negeri 94,JAKARTA PUSAT,GAMBIR,PETOJO SELATAN,"Jl. Tanah Abang V 29 PETOJO SELATAN, GAMBIR"
2022,2022,SMP Negeri 72,JAKARTA PUSAT,GAMBIR,PETOJO UTARA,"Jl. Petojo Binatu No. 2 PETOJO UTARA, GAMBIR"
2022,2022,SMP Negeri 60,JAKARTA PUSAT,GAMBIR,PETOJO UTARA,JL KEBON SIRIH RT002 003 NO 98
2022,2022,SMP Negeri 39 Jakarta,JAKARTA PUSAT,GAMBIR,PETOJO UTARA,"Jl. Gajah Mada No. 3 - 5 RT.02 RW.08 PETOJO UTARA, GAMBIR"
2022,2022,SMP Negeri 17,JAKARTA PUSAT,SAWAH BESAR,KARANG ANYAR,"Jl. Karang Anyar 9 - 14 RT 7  RW 9 KARANG ANYAR, SAWAH BESAR"
2022,2022,SMP Negeri 4,JAKARTA PUSAT,SAWAH BESAR,PASAR BARU,"Jl. Perwira No. 10 Pasar Baru RT.002 RW.008 PASAR BARU, SAWAH BESAR"
2022,2022,SMP Negeri 5,JAKARTA PUSAT,SAWAH BESAR,PASAR BARU,"Jl. DR. Sutomo No. 5 Pasar Baru RT.01RW. 08 PASAR BARU, SAWAH BESAR"
2022,2022,SMP Negeri 64,JAKARTA PUSAT,SAWAH BESAR,KARANG ANYAR,"Jl. Karang Anyar 11 - 12 Rt.007 Rw. 010 KARANG ANYAR, SAWAH BESAR"
2022,2022,SMP NEGERI 183,JAKARTA PUSAT,KEMAYORAN,CEMPAKA BARU,"Jl. Cempaka Baru VII No.47 CEMPAKA BARU, KEMAYORAN"
2022,2022,SMP Negeri 228,JAKARTA PUSAT,KEMAYORAN,SUMUR BATU,"Jl. Sumur Batu Raya No. 6 SUMUR BATU, KEMAYORAN"
2022,2022,SMP NEGERI 119,JAKARTA PUSAT,KEMAYORAN,CEMPAKA BARU,"Jl. Harapan Jaya 9 5 RT.008  RW.004 CEMPAKA BARU, KEMAYORAN"
2022,2022,SMP Negeri 10,JAKARTA PUSAT,KEMAYORAN,SUMUR BATU,"Jl. Sumur Batu Raya RT.003 RW.001 SUMUR BATU, KEMAYORAN"
2022,2022,SMP NEGERI 78,JAKARTA PUSAT,KEMAYORAN,HARAPAN MULIA,"JL. PERUNGGU No.56 RT.04 RW.02 HARAPAN MULIA, KEMAYORAN"
2022,2022,SMP Negeri 79,JAKARTA PUSAT,KEMAYORAN,KEBON KOSONG,"l. Dakota Raya Kemayoran RT.8 RW.8 KEBON KOSONG, KEMAYORAN"
2022,2022,SMP Negeri 93,JAKARTA PUSAT,KEMAYORAN,GUNUNG SAHARI SELATAN,"Jl. Gunung Sahari Raya No. 81 RT.10 RW.07 GUNUNG SAHARI SELATAN, KEMAYORAN"
2022,2022,SMP Negeri 216,JAKARTA PUSAT,SENEN,KENARI,"Jl. Salemba Raya No. 18 RT.03 RW.06 KENARI, SENEN"
2022,2022,SMP Advent Salemba,JAKARTA PUSAT,SENEN,PASEBAN,"Jl. Salemba Raya No. 47 RT.5 RW.4PASEBAN, SENEN"
2022,2022,SMP Negeri 118,JAKARTA PUSAT,CEMPAKA PUTIH,RAWASARI,"Jl. Pramukasari I No. 19 RT.10 RW.08 RAWASARI, CEMPAKA PUTIH"
2022,2022,SMP Negeri 77,JAKARTA PUSAT,CEMPAKA PUTIH,CEMPAKA PUTIH TIMUR,"Jl. Cemp. Putih Tengah XVII RT.3 RW.8 CEMPAKA PUTIH TIMUR, CEMPAKA PUTIH"
2022,2022,SMP Negeri 47 Jakarta,JAKARTA PUSAT,CEMPAKA PUTIH,CEMPAKA PUTIH TIMUR,"Jl. Rawasari Timur RT.06 RW.02 CEMPAKA PUTIH TIMUR,"
2022,2022,SMPN 71,JAKARTA PUSAT,CEMPAKA PUTIH,CEMPAKA PUTIH TIMUR,"Rawasari Timur Cempaka Putih RT.011 RW.002 CEMPAKA PUTIH TIMUR, CEMPAKA PUTIH"
2022,2022,SMP Negeri 18,JAKARTA PUSAT,MENTENG,KEBON SIRIH,"Jl. Menteng Kecil No. 3 RT.012 RW.09 KEBON SIRIH, MENTENG"
2022,2022,SMP NEGERI 1 JAKARTA,JAKARTA PUSAT,MENTENG,CIKINI,"Jl. Cikini Raya No.87 RT.01 RW.002 CIKINI, MENTENG"
2022,2022,SMP NEGERI 8 JAKARTA,JAKARTA PUSAT,MENTENG,MENTENG,"Jl. Pegangsaan Barat No. 1 RT.1 RW.2 MENTENG, MENTENG"
2022,2022,SMP Negeri 280,JAKARTA PUSAT,MENTENG,MENTENG,"Jl. Cilacap No. 5 RT.5 RW.11 MENTENG, MENTENG"
2022,2022,SMP NEGERI 181 JAKARTA,JAKARTA PUSAT,TANAH ABANG,KARET TENGSIN,"Jl. Masjid I Karet Tengsin KARET TENGSIN, TANAH ABANG"
2022,2022,SMP Negeri 273,JAKARTA PUSAT,TANAH ABANG,KAMPUNG BALI,"Jl. Kampung Bali XXIV No. 1 RT.009 RW.007 KAMPUNG BALI, TANAH ABANG"
2022,2022,SMP Negeri 70,JAKARTA PUSAT,TANAH ABANG,KEBON MELATI,"Jl. KH. Mas Mansyur Gg. H. Awaludin IV RW.02 RW.17 KEBON MELATI, TANAH ABANG"
2022,2022,SMP Negeri 38,JAKARTA PUSAT,TANAH ABANG,KARET TENGSIN,"Jl. Karet Pasar Baru Barat I No.14 RT.01 RW.06 KARET TENGSIN, TANAH ABANG"
2022,2022,SMP Negeri 40 SSN,JAKARTA PUSAT,TANAH ABANG,BENDUNGAN HILIR,"Jl. Danau Limboto Pejompongan RT.20 RW.04 BENDUNGAN HILIR, TANAH ABANG"
2022,2022,SMP Negeri 156,JAKARTA PUSAT,JOHAR BARU,JOHAR BARU,"Jl. Kramat Pulo Gundul IV, No. 4 RT 10 RW 3 JOHAR BARU, JOHAR BARU"
2022,2022,SMP NEGERI 76 JAKARTA,JAKARTA PUSAT,JOHAR BARU,JOHAR BARU,"Jl. Percetakan Negara II RT.20 RW.7 JOHAR BARU, JOHAR BARU"
2022,2022,SMP Mahatma Gandhi School,JAKARTA PUSAT,SAWAH BESAR,SAHARI UTARA,"Jl. Tabing Blok B-16 No.3 Komp. A. Pura GUNUNG SAHARI UTARA, SAWAH BESAR"
2022,2022,SMP Budi Mulia,JAKARTA PUSAT,SAWAH BESAR,MANGGA DUA SELATAN,"Jl. Mangga Besar Raya No. 135 RT.04 RW.01 MANGGA DUA SELATAN, SAWAH BESAR"
2022,2022,SMP Kristen I BPK Penabur,JAKARTA PUSAT,SAWAH BESAR,Pasar Baru,"Jl. Pintu Air Raya No. 11 Pasar Baru, SAWAH BESAR"
2022,2022,SMP Negeri 269,JAKARTA PUSAT,KEMAYORAN,HARAPAN MULIA,"Jl. Harapan Mulia RT.04 RW.04 HARAPAN MULIA, KEMAYORAN"
2022,2022,SMP Muhammadiyah 2,JAKARTA PUSAT,KEMAYORAN,GUNUNG SAHARI SELATAN,"Jl. Garuda No. 33 RT.009 RW.004 GUNUNG SAHARI SELATAN, KEMAYORAN"
2022,2022,SMP 1945,JAKARTA PUSAT,TANAH ABANG,KEBON MELATI,"Jl. H. Awaludin I 23 RT.3 RW.17 KEBON MELATI, TANAH ABANG"
2022,2022,SMP Muhammadiyah 6,JAKARTA PUSAT,TANAH ABANG,KEBON MELATI,"Jl. KH. Mas Mansyur No. 65 RT.5 RW.9 KEBON MELATI, TANAH ABANG"
2022,2022,SD NEGERI RAWA BADAK SELATAN 09 PAGI,Jakarta Utara,Koja,Rawa Badak Selatan,Jl. Mundari No.15 Rt 002 Rw 001
2022,2022,SD NEGERI RAWA BADAK UTARA 11 PAGI,Jakarta Utara,Koja,Rawa Badak Utara,JL. RAWA BADAK BARAT NO. 37
2022,2022,SDN Penjaringan 06 Pagi,Jakarta Utara,Penjaringan,Penjaringan,Jl. Bandengan Utara No. 80
2022,2022,SDN Penjaringan 08 Pagi,Jakarta Utara,Penjaringan,Penjaringan,Jl. Bandengan Utara No. 80
2022,2022,SEKOLAH DASAR NEGERI RAWASARI 01 PAGI,JAKARTA PUSAT,CEMPAKA PUTIH,RAWASARI,"Jl. Percetakan Negara IX A No.76 RT RW 8 10 RAWASARI, CEMPAKA PUTIH JAKARTA PUSAT"
2022,2022,SEKOLAH DASAR NEGERI RAWASARI 02 PAGI,JAKARTA PUSAT,CEMPAKA PUTIH,RAWASARI,Jl. Percetakan Negara XI. A RT RW. 06 04 RAWASARI JAKARTA PUSAT
2022,2022,SEKOLAH DASAR NEGERI CIKINI 01 PAGI,JAKARTA PUSAT,MENTENG,CIKINI,"Jl.Cidurian No. 2 A RT RW. 4 11 CIKINI, MENTENG JAKARTA PUSAT"
2022,2022,SEKOLAH DASAR NEGERI CIKINI 02,JAKARTA PUSAT,MENTENG,CIKINI,"Jl.Cidurian No. 2 A RT RW. 4 11 CIKINI, MENTENG JAKARTA PUSAT"
2022,2022,SEKOLAH DASAR NEGERI Gondangdia 01 Pg.,JAKARTA PUSAT,MENTENG,GONDANGDIA,"Jl. HOS Cokroaminoto No. 66 RT RW.006 004 GONDANGDIA, MENTENG JAKARTA PUSAT"
2022,2022,SEKOLAH DASAR NEGERI GONDANGDIA 03 PG,JAKARTA PUSAT,MENTENG,GONDANGDIA,"Jl.Probolinggo No.20 RT RW.2 1 GONDANGDIA, MENTENG JAKARTA PUSAT"
2022,2022,SEKOLAH DASAR NEGERI GONDANGDIA 05 PG,JAKARTA PUSAT,MENTENG,GONDANGDIA,"Jl.Probolinggo No.20 RT RW.2 1 GONDANGDIA, MENTENG JAKARTA PUSAT"
2022,2022,SEKOLAH DASAR NEGERI MENTENG 01 PAGI,JAKARTA PUSAT,MENTENG,MENTENG,"JL. BESUKI NO. 4 RT.3 RW.5 MENTENG, MENTENG JAKARTA PUSAT"
2022,2022,SEKOLAH DASAR NEGERI MENTENG 02 PAGI,JAKARTA PUSAT,MENTENG,MENTENG,"Jl. Tegal No. 10 RT.10 RW.7 MENTENG, MENTENG JAKARTA PUSAT"
2022,2022,SEKOLAH DASAR NEGERI PERCONTOHAN MENTENG 03 PG,JAKARTA PUSAT,MENTENG,MENTENG,"Jl.Cilacap No.5 RT.011 RW.05 MENTENG, MENTENG JAKARTA PUSAT"
2022,2022,SEKOLAH DASAR NEGERI PEGANGSAAN 01 PG,JAKARTA PUSAT,MENTENG,PEGANGSAAN,"Jl. Ampiun No. 1-A RT RW.1 14 PEGANGSAAN, MENTENG JAKARTA PUSAT"
2022,2022,SEKOLAH DASAR NEGERI BENDUNGAN HILIR 09 PAGI,JAKARTA PUSAT,TANAH ABANG,BENDUNGAN HILIR,"Jl. Danau Tondano No.10 RT RW. 021 14 BENDUNGAN HILIR, TANAH ABANG JAKARTA PUSAT"
2022,2022,SEKOLAH DASAR NEGERI BENDUNGAN HILIR 01,JAKARTA PUSAT,TANAH ABANG,BENDUNGAN HILIR,"JL. DANAU TOBA RT. 20 RW. 4 BENDUNGAN HILIR, TANAH ABANG JAKARTA PUSAT"
2022,2022,SEKOLAH DASAR NEGERI BENDUNGAN HILIR 05 PAGI,JAKARTA PUSAT,TANAH ABANG,BENDUNGAN HILIR,"Jl. Danau Limboto No. 9 RT.21 RW.4 BENDUNGAN HILIR, TANAH ABANG JAKARTA PUSAT"
2022,2022,SEKOLAH DASAR NEGERI Karet Tengsin 15,JAKARTA PUSAT,TANAH ABANG,KARET TENGSIN,"Jl.Karet Pasar Baru Barat IV RT.7 RW.4 KARET TENGSIN, TANAH ABANG JAKARTA PUSAT"
2022,2022,SEKOLAH DASAR NEGERI KARET TENGSIN 21 PG,JAKARTA PUSAT,TANAH ABANG,KARET TENGSIN,"Jl. MESJID I RT.9 RW.4 KARET TENGSIN, TANAH ABANG JAKARTA PUSAT"
2022,2022,SEKOLAH DASAR NEGERI Kampung Bali 01,JAKARTA PUSAT,TANAH ABANG,KAMPUNG BALI,"Jl. Jatibaru Raya No. 10 RT RW.3 10 KAMPUNG BALI, TANAH ABANG JAKARTA PUSAT"
2022,2022,SEKOLAH DASAR NEGERI Kampung Bali 03 Pg.,JAKARTA PUSAT,TANAH ABANG,KAMPUNG BALI,"Jl. Hati Suci No. 7 RT RW 02 07 KAMPUNG BALI, TANAH ABANG JAKARTA PUSAT"
2022,2022,SEKOLAH DASAR NEGERI Kampung Bali 07 Pg.,JAKARTA PUSAT,TANAH ABANG,KAMPUNG BALI,"Jl. Kampung Bali 25  13 RT RW.13 07 KAMPUNG BALI, TANAH ABANG JAKARTA PUSAT"
2022,2022,SEKOLAH DASAR NEGERI Karet Tengsin 13 Pg.,JAKARTA PUSAT,TANAH ABANG,KARET TENGSIN,"Jl. Karet Pasar Baru Barat I RT.1 RW.6 KARET TENGSIN, TANAH ABANG JAKARTA PUSAT"
2022,2022,SEKOLAH DASAR NEGERI Petamburan 05,JAKARTA PUSAT,TANAH ABANG,PETAMBURAN,"Jl. Petamburan II RT RW.3 10 PETAMBURAN, TANAH ABANG JAKARTA PUSAT"
2022,2022,SEKOLAH DASAR NEGERI Petamburan 07,JAKARTA PUSAT,TANAH ABANG,PETAMBURAN,"Jl. Petamburan II no. 33 RT RW.3 10 PETAMBURAN, TANAH ABANG JAKARTA PUSAT"
2022,2022,SEKOLAH DASAR NEGERI JOHAR BARU 01 PAGI,JAKARTA PUSAT,JOHAR BARU,JOHAR BARU,"Jl. Percetakan Negara IV  B RT RW.08 09 JOHAR BARU, JOHAR BARU JAKARTA PUSAT"
2022,2022,SEKOLAH DASAR NEGERI JOHAR BARU 03 PAGI,JAKARTA PUSAT,JOHAR BARU,JOHAR BARU,"Jl. Kramat Jaya Baru Blok H -1 RT.14 RW.10 JOHAR BARU, JOHAR BARU JAKARTA PUSAT"
2022,2022,SEKOLAH DASAR NEGERI JOHAR BARU 04 PETANG,JAKARTA PUSAT,JOHAR BARU,JOHAR BARU,"Jl. Kramat Jaya Baru Blok H -1 RT.14 RW.10 JOHAR BARU, JOHAR BARU JAKARTA PUSAT"
2022,2022,SEKOLAH DASAR NEGERI JOHAR BARU 05 PAGI,JAKARTA PUSAT,JOHAR BARU,JOHAR BARU,"Jl. Kramat Jaya Baru Blok H -1 RT.2 RW.2 JOHAR BARU, JOHAR BARU JAKARTA PUSAT"
2022,2022,SEKOLAH DASAR NEGERI JOHAR BARU 07 PAGI,JAKARTA PUSAT,JOHAR BARU,JOHAR BARU,"Jl. Percetakan Negara II RT RW.6 6 JOHAR BARU, JOHAR BARU JAKARTA PUSAT"
2022,2022,SEKOLAH DASAR NEGERI JOHAR BARU 10 PAGI,JAKARTA PUSAT,JOHAR BARU,JOHAR BARU,"Jl. Mardani Raya No. 12 A RT.1 RW.5 JOHAR BARU, JOHAR BARU JAKARTA PUSAT"
2022,2022,SEKOLAH DASAR NEGERI JOHAR BARU 15 PAGI,JAKARTA PUSAT,JOHAR BARU,JOHAR BARU,"JL. KRAMAT JAYA Gg. VIII RT RW.1 12 JOHAR BARU, JOHAR BARU JAKARTA PUSAT"
2022,2022,SEKOLAH DASAR NEGERI JOHAR BARU 21 PAGI,JAKARTA PUSAT,JOHAR BARU,JOHAR BARU,"Jl. Kramat Jaya Baru RT.14 RW.10 JOHAR BARU, JOHAR BARU JAKARTA PUSAT"
2022,2022,SEKOLAH DASAR NEGERI JOHAR BARU 23 PAGI,JAKARTA PUSAT,JOHAR BARU,JOHAR BARU,"Jl. Kramat Jaya Baru Blok H 4 RT.1 RW.2 JOHAR BARU, JOHAR BARU JAKARTA PUSAT"
2022,2022,SEKOLAH DASAR NEGERI JOHAR BARU 25 PAGI,JAKARTA PUSAT,JOHAR BARU,JOHAR BARU,"Jl. Kramat Jaya Baru Blok H 4 RT.14 RW.10 JOHAR BARU, JOHAR BARU JAKARTA PUSAT"
2022,2022,SEKOLAH DASAR NEGERI Johar Baru 29 Pg.,JAKARTA PUSAT,JOHAR BARU,JOHAR BARU,"Jl. Percetakan Negara II A RT RW.4 1 JOHAR BARU, JOHAR BARU JAKARTA PUSAT"
2022,2022,SEKOLAH DASAR NEGERI KAMPUNG RAWA 02 PT,JAKARTA PUSAT,JOHAR BARU,KAMPUNG RAWA,"Jl. Rawa Selatan III KAMPUNG RAWA, JOHAR BARU JAKARTA PUSAT"
2022,2022,SEKOLAH DASAR NEGERI Tanah Tinggi 01 Pg.,JAKARTA PUSAT,JOHAR BARU,TANAH TINGGI,"Jl. Tanah Tinggi I Gg. II Kec.Johar Baru RT RW.2 5 TANAH TINGGI, JOHAR BARU JAKARTA PUSAT"
2022,2022,SEKOLAH DASAR NEGERI TANAH TINGGI 05,JAKARTA PUSAT,JOHAR BARU,TANAH TINGGI,"Jl. Tanah Tinggi II No. 8 RT RW.1 8 TANAH TINGGI, JOHAR BARU JAKARTA PUSAT"
2022,2022,SEKOLAH DASAR NEGERI TANAH TINGGI 09 PG,JAKARTA PUSAT,JOHAR BARU,TANAH TINGGI,"Jl. Kramat Pulo Gundul III RT RW.05 09 TANAH TINGGI, JOHAR BARU JAKARTA PUSAT"
2022,2022,SEKOLAH DASAR NEGERI Cideng 02 Pg.,JAKARTA PUSAT,GAMBIR,CIDENG,"Jl. Lematang No. 2 CIDENG, GAMBIR JAKARTA PUSAT"
2022,2022,SEKOLAH DASAR NEGERI Cideng 04,JAKARTA PUSAT,GAMBIR,CIDENG,"Jl. Cilamaya No. 1 RT.8 RW.1 CIDENG, GAMBIR JAKARTA PUSAT"
2022,2022,SEKOLAH DASAR NEGERI CIDENG 07,JAKARTA PUSAT,GAMBIR,CIDENG,"Jl. Sangihe No.26 RT.9 RW.4 CIDENG, GAMBIR JAKARTA PUSAT"
2022,2022,SEKOLAH DASAR NEGERI Cideng 09,JAKARTA PUSAT,GAMBIR,CIDENG,"Jl. Cilamaya No.1 RT.8 RW.1 CIDENG, GAMBIR JAKARTA PUSAT"
2022,2022,SEKOLAH DASAR NEGERI Cideng 10,JAKARTA PUSAT,GAMBIR,CIDENG,"Jl. Cilamaya No. 1 RT.7 RW.1 CIDENG, GAMBIR JAKARTA PUSAT"
2022,2022,SEKOLAH DASAR NEGERI Cideng 13 Pg.,JAKARTA PUSAT,GAMBIR,CIDENG,"Jl. Cilamaya No. 1 RT.8 RW.1 CIDENG, GAMBIR JAKARTA PUSAT"
2022,2022,SEKOLAH DASAR NEGERI Duri Pulo 01 Pg.,JAKARTA PUSAT,GAMBIR,DURI PULO,"Jl. Setiakawan III  25 T.1 RW.7 DURI PULO, GAMBIR JAKARTA PUSAT"
2022,2022,SEKOLAH DASAR NEGERI DURI PULO 02 PAGI,JAKARTA PUSAT,GAMBIR,DURI PULO,"Jl. Setiakawan III  25 T.1 RW.7 DURI PULO, GAMBIR JAKARTA PUSAT"
2022,2022,SEKOLAH DASAR NEGERI Duri Pulo 03 Pg.,JAKARTA PUSAT,GAMBIR,DURI PULO,"Jl. Setiakawan III  25 T.1 RW.7 DURI PULO, GAMBIR JAKARTA PUSAT"
2022,2022,SEKOLAH DASAR NEGERI Duri Pulo 04 Pg.,JAKARTA PUSAT,GAMBIR,DURI PULO,"Jl. Setiakawan III  25, Duri Pulo, Kec. Gambir, Kota Jakarta Pusat, Dki Jakarta"
2022,2022,SEKOLAH DASAR NEGERI Duri Pulo 04 Pg.,JAKARTA PUSAT,GAMBIR,DURI PULO,"Jl. Setiakawan III  25 T.1 RW.7 DURI PULO, GAMBIR JAKARTA PUSAT"
2022,2022,SEKOLAH DASAR NEGERI DURI PULO 05 PAGI,JAKARTA PUSAT,GAMBIR,DURI PULO,"Jl. Setiakawan III  25 T.1 RW.7 DURI PULO, GAMBIR JAKARTA PUSAT"
2022,2022,SEKOLAH DASAR NEGERI DURI PULO 07,JAKARTA PUSAT,GAMBIR,DURI PULO,"Jl. K.H. Zainul Arifin No.71 RT.9 RW.10 DURI PULO, GAMBIR JAKARTA PUSAT"
2022,2022,SEKOLAH DASAR NEGERI Duri Pulo 08 Pg.,JAKARTA PUSAT,GAMBIR,DURI PULO,"Jl. Cibunar No.15 RT.13 RW.6 DURI PULO, GAMBIR JAKARTA PUSAT"
2022,2022,SEKOLAH DASAR NEGERI Duri Pulo 10,JAKARTA PUSAT,GAMBIR,DURI PULO,"Jl. Setiakawan III  25 RT.7 RW.7 DURI PULO, GAMBIR JAKARTA PUSAT"
2022,2022,SEKOLAH DASAR NEGERI Kebon Kelapa 02 Pg.,JAKARTA PUSAT,GAMBIR,KEBON KELAPA,"Jl. Batu Tulis Raya XIII 20 RT.2 RW.8 KEBON KELAPA, GAMBIR JAKARTA PUSAT"
2022,2022,SEKOLAH DASAR NEGERI Gambir 01 Pagi,JAKARTA PUSAT,GAMBIR,GAMBIR,"Jl. Medan Merdeka Timur No. 14 RT.1 RW.7, GAMBIR, GAMBIR JAKARTA PUSAT"
2022,2022,SEKOLAH DASAR NEGERI PETOJO SELATAN 01 PAGI,JAKARTA PUSAT,GAMBIR,PETOJO SELATAN,"Jl.Tanah Abang V No.29 RT.12 RW.02 PETOJO SELATAN, GAMBIR JAKARTA PUSAT"
2022,2022,SEKOLAH DASAR NEGERI Petojo Selatan 05 Pg.,JAKARTA PUSAT,GAMBIR,PETOJO SELATAN,"Jl. Petojo Encek XIV   35 RT.16 RW.7, PETOJO SELATAN, GAMBIR JAKARTA PUSAT"
2022,2022,SEKOLAH DASAR NEGERI Petojo Selatan 06 Pg.,JAKARTA PUSAT,GAMBIR,PETOJO SELATAN,"Jl. Petojo Melintang No. 29 PETOJO SELATAN, GAMBIR JAKARTA PUSAT"
2022,2022,SEKOLAH DASAR NEGERI Petojo Utara 03 Pg.,JAKARTA PUSAT,GAMBIR,PETOJO UTARA,"Jl. Petojo Barat. No. 45 PETOJO UTARA, GAMBIR JAKARTA PUSAT"
2022,2022,SEKOLAH DASAR NEGERI Petojo Utara 05,JAKARTA PUSAT,GAMBIR,PETOJO UTARA,"Jl. Petojo Barat No. 45 RT.4 RW.4 PETOJO UTARA, GAMBIR JAKARTA PUSAT"
2022,2022,SEKOLAH DASAR NEGERI PETOJO UTARA 09 PAGI,JAKARTA PUSAT,GAMBIR,PETOJO UTARA,"Jl.petojo Barat No.45 PETOJO UTARA, GAMBIR JAKARTA PUSAT"
2022,2022,SEKOLAH DASAR NEGERI Petojo Utara 13 Pg.,JAKARTA PUSAT,GAMBIR,PETOJO UTARA,"Jl. Suryopranoto No. 20 RT.1 RW.8 PETOJO UTARA, GAMBIR JAKARTA PUSAT"
2022,2022,SEKOLAH DASAR NEGERI Pasar Baru 03 Pg.,JAKARTA PUSAT,SAWAH BESAR,PASAR BARU,"Jl. Pintu Besi I 42 PASAR BARU, SAWAH BESAR JAKARTA PUSAT"
2022,2022,SEKOLAH DASAR NEGERI Karang Anyar 02 PT,JAKARTA PUSAT,SAWAH BESAR,KARANG ANYAR,"Jl. B III Karang Anyar Pasar KARANG ANYAR, SAWAH BESAR JAKARTA PUSAT"
2022,2022,SEKOLAH DASAR NEGERI KARANG ANYAR 03 PG,JAKARTA PUSAT,SAWAH BESAR,KARANG ANYAR,"Jl.karang Anyar Ix 17 KARANG ANYAR, SAWAH BESAR JAKARTA PUSAT"
2022,2022,SEKOLAH DASAR NEGERI KARANG ANYAR 04 PT,JAKARTA PUSAT,SAWAH BESAR,KARANG ANYAR,"JL. KARANG ANYAR IX 17 KARANG ANYAR, SAWAH BESAR JAKARTA PUSAT"
2022,2022,SEKOLAH DASAR NEGERI KARANG ANYAR 07 PAGI,JAKARTA PUSAT,SAWAH BESAR,KARANG ANYAR,"JL. KARANG ANYAR IX 17 RT.9 RW.10 KARANG ANYAR, SAWAH BESAR JAKARTA PUSAT"
2022,2022,SEKOLAH DASAR NEGERI Karang Anyar 08 Pg.,JAKARTA PUSAT,SAWAH BESAR,KARANG ANYAR,"Jl. B III Karang Anyar Pasar RT.4 RW.5 KARANG ANYAR, SAWAH BESAR JAKARTA PUSAT"
2022,2022,SEKOLAH DASAR NEGERI GUNUNG SAHARI UTARA 01 PAGI,JAKARTA PUSAT,SAWAH BESAR,GUNUNG SAHARI UTARA,"Jl. Rajawali Selatan V No. 3 GUNUNG SAHARI UTARA, SAWAH BESAR JAKARTA PUSAT"
2022,2022,SEKOLAH DASAR NEGERI KARANG ANYAR 01 PG,JAKARTA PUSAT,SAWAH BESAR,KARANG ANYAR,"Jl. B III Karang Anyar Pasar RT.4 RW.5 KARANG ANYAR, SAWAH BESAR JAKARTA PUSAT"
2022,2022,SEKOLAH DASAR NEGERI Kartini 01 Pg.,JAKARTA PUSAT,SAWAH BESAR,KARTINI,"Jl. Gotong Royong Gg. E. Kel. KARTINI, SAWAH BESAR JAKARTA PUSAT"
2022,2022,SEKOLAH DASAR NEGERI Mangga Dua Selatan 01 Pg.,JAKARTA PUSAT,SAWAH BESAR,"MANGGA DUA SELATAN,","Jl. Melawan Dalam No.1 RT.11 RW.1 MANGGA DUA SELATAN, SAWAH BESAR JAKARTA PUSAT"
2022,2022,SEKOLAH DASAR NEGERI MANGGA DUA SELATAN 05 PG,JAKARTA PUSAT,SAWAH BESAR,"MANGGA DUA SELATAN,","Jl. MANGGA BESAR XIII A RT.1 RW.6 MANGGA DUA SELATAN, SAWAH BESAR JAKARTA PUSAT"
2022,2022,SEKOLAH DASAR NEGERI PASAR BARU 01,JAKARTA PUSAT,SAWAH BESAR,SAWAH BESAR,Jl. Pintu Besi I No.42 RT.10 RW.5 PASAR BARU SAWAH BESAR AKARTA PUSAT
2022,2022,SEKOLAH DASAR NEGERI Pasar Baru 07 Pg.,JAKARTA PUSAT,SAWAH BESAR,PASAR BARU,Jl. Krekot Bunder III   1 RT.4 RW.5 PASAR BARU SAWAH BESAR AKARTA PUSAT
2022,2022,SEKOLAH DASAR NEGERI Pasar Baru 11,JAKARTA PUSAT,SAWAH BESAR,PASAR BARU,Jl. Kelinci Raya No. 28 Pasar Baru RT.10 RW.7 PASAR BARU SAWAH BESAR JAKARTA PUSAT
2022,2022,SEKOLAH DASAR NEGERI CEMPAKA BARU 01,JAKARTA PUSAT,KEMAYORAN,CEMPAKA BARU,"Jl. Cempaka Baru VII   45 RT.2 RW.7 CEMPAKA BARU, CEMPAKA BARU JAKARTA PUSAT"
2022,2022,SEKOLAH DASAR NEGERI Cempaka Baru 03 Pg.,JAKARTA PUSAT,KEMAYORAN,CEMPAKA BARU,"Jl. Harapan Jaya No. 37 RT.7 RW.4 CEMPAKA BARU, KEMAYORAN JAKARTA PUSAT"
2022,2022,SEKOLAH DASAR NEGERI CEMPAKA BARU 09 PAGI,JAKARTA PUSAT,KEMAYORAN,CEMPAKA BARU,"Jl. F3 Komplek Listrik RT.10 RW.12 CEMPAKA BARU,KEMAYORAN JAKARTA PUSAT"
2022,2022,SEKOLAH DASAR NEGERI CEMPAKA BARU 11 PAGI,JAKARTA PUSAT,KEMAYORAN,CEMPAKA BARU,"Jl. Remaja No. 52 RT.05 RW08 CEMPAKA BARU,KEMAYORAN JAKARTA PUSAT"
2022,2022,SEKOLAH DASAR NEGERI GUNUNG SAHARI SELATAN 01,JAKARTA PUSAT,KEMAYORAN,GUNUNG SAHARI SELATAN,"Jl. Gunung Sahari IV 14 RT.7 RW.7 GUNUNG SAHARI SELATAN, GUNUNG SAHARI SELATAN JAKARTA PUSAT"
2022,2022,SEKOLAH DASAR NEGERI HARAPAN MULIA 01 PAGI,JAKARTA PUSAT,KEMAYORAN,HARAPAN MULIA,"Jl Cempaka Wangi No. 1 RT.9 RW.7 HARAPAN MULIA, KEMAYORAN JAKARTA PUSAT"
2022,2022,SEKOLAH DASAR NEGERI KEBON KOSONG 01 PAGI,JAKARTA PUSAT,KEMAYORAN,KEBON KOSONG,"Jl. Galindra Kermayoran Gempol KEBON KOSONG RT8 RW8, KEMAYORAN, JAKARTA PUSAT"
2022,2022,SEKOLAH DASAR NEGERI KEBON KOSONG 02,JAKARTA PUSAT,KEMAYORAN,KEBON KOSONG,"Jl. Dakota V Rt 001  09 RT.3 RW.9 KEBON KOSONG, KEMAYORAN JAKARTA PUSAT"
2022,2022,SEKOLAH DASAR NEGERI KEBON KOSONG 03 PAGI,JAKARTA PUSAT,KEMAYORAN,KEBON KOSONG,"Jl. Dakota IV RT RW 9 1 KEBON KOSONG, KEMAYORAN JAKARTA PUSAT"
2022,2022,SEKOLAH DASAR NEGERI KEBON KOSONG 05 PAGI,JAKARTA PUSAT,KEMAYORAN,KEBON KOSONG,"Jl Galindra Kemayoran Gempol Rt.008 Rw 08, KEBON KOSONG, KEMAYORAN JAKARTA PUSAT"
2022,2022,SEKOLAH DASAR NEGERI KEBON KOSONG 07 PAGI,JAKARTA PUSAT,KEMAYORAN,KEMAYORAN,"Jl. Dakota II Kemayoran RT.7 RW.9 KEMAYORAN, KEMAYORAN JAKARTA PUSAT"
2022,2022,SEKOLAH DASAR NEGERI KEBON KOSONG 09 PAGI,JAKARTA PUSAT,KEMAYORAN,KEBON KOSONG,"Jl. Kemayoran Gempol No. 32 RT RW 5 15 KEBON KOSONG, KEMAYORAN JAKARTA PUSAT"
2022,2022,SEKOLAH DASAR NEGERI KEBON KOSONG 13 PAGI,JAKARTA PUSAT,KEMAYORAN,KEBON KOSONG,"Jl. Ketapang Baru II RT.5 RW.3 KEBON KOSONG, KEMAYORAN JAKARTA PUSAT"
2022,2022,SEKOLAH DASAR NEGERI KEBON KOSONG 15 PAGI,JAKARTA PUSAT,KEMAYORAN,KEBON KOSONG,"Jl. Ketapang Baru II RT.9 RW.3 KEBON KOSONG, KEMAYORAN JAKARTA PUSAT"
2022,2022,SEKOLAH DASAR NEGERI KEBON KOSONG 16 PAGI,JAKARTA PUSAT,KEMAYORAN,KEBON KOSONG,"Jl. Dakota II RT.7 RW.9 KEBON KOSONG, KEMAYORAN, JAKARTA PUSAT"
2022,2022,SEKOLAH DASAR NEGERI KEBON KOSONG 17 PG,JAKARTA PUSAT,KEMAYORAN,KEBON KOSONG,"Jl. Ketapang Baru III RT.10 RW.3 KEBON KOSONG, KEMAYORAN JAKARTA PUSAT"
2022,2022,SEKOLAH DASAR NEGERI KEMAYORAN I PG,JAKARTA PUSAT,KEMAYORAN,KEMAYORAN,"Jl. Kepu Dalam Gang X Rt 08 02 KEMAYORAN, KEMAYORAN, JAKARTA PUSAT"
2022,2022,SEKOLAH DASAR NEGERI KEMAYORAN 07 PAGI,JAKARTA PUSAT,KEMAYORAN,KEMAYORAN,"Jl. Kepu Dalam Gang X Rt 02 08 KEMAYORAN, KEMAYORAN JAKARTA PUSAT"
2022,2022,SEKOLAH DASAR NEGERI KEMAYORAN 09,JAKARTA PUSAT,KEMAYORAN,KEMAYORAN,"Jl. Kemayoran Tengah RT RW7 5 KEMAYORAN, KEMAYORAN JAKARTA PUSAT"
2022,2022,SEKOLAH DASAR NEGERI KEMAYORAN 11 PG,JAKARTA PUSAT,KEMAYORAN,KEMAYORAN,"Jl. Kemayoran Tengah RT RW 5 7 KEMAYORAN, KEMAYORAN JAKARTA PUSAT"
2022,2022,SEKOLAH DASAR NEGERI KEMAYORAN 13 PG,JAKARTA PUSAT,KEMAYORAN,KEMAYORAN,"Jl. Kemayoran Tengah RT RW 5 7 KEMAYORAN, KEMAYORAN JAKARTA PUSAT"
2022,2022,SEKOLAH DASAR NEGERI KEMAYORAN 15,JAKARTA PUSAT,KEMAYORAN,KEMAYORAN,"Jl. Kepu Dalam Gang X Rt 08 02 KEMAYORAN, KEMAYORAN JAKARTA PUSAT"
2022,2022,SEKOLAH DASAR NEGERI SERDANG 01 PAGI,JAKARTA PUSAT,KEMAYORAN,KEMAYORAN,"Jl. Kepu Dalam Gang X Rt 08 02 KEMAYORAN, KEMAYORAN JAKARTA PUSAT"
2022,2022,SD NEGERI TOMANG 01 PAGI,Jakarta Barat,Grogol Petamburan,Tomang,Jl. Mandala Utara Raya No. 1
2022,2022,SD NEGERI TOMANG 03 PAGI,Jakarta Barat,Grogol Petamburan,Tomang,Jl. Gelong Baru No.29A Rt. 001 003
2022,2022,SD NEGERI TOMANG 08 PAGI,Jakarta Barat,Grogol Petamburan,Tomang,Jl. Pulo Macan V 17
2022,2022,SD NEGERI TOMANG 11 PAGI,Jakarta Barat,Grogol Petamburan,Tomang,Jl. Rawa Kepa VII No. 12
2022,2022,SD NEGERI WIJAYA KUSUMA 01 PG,Jakarta Barat,Grogol Petamburan,Wijaya Kesuma,Jl. Perdana Raya No. 7
2022,2022,SD NEGERI WIJAYA KUSUMA 02 PG,Jakarta Barat,Grogol Petamburan,Wijaya Kesuma,Jl. Wijaya Taman Duta Mas Blok F 4
2022,2022,SD NEGERI WIJAYA KUSUMA 05 PG,Jakarta Barat,Grogol Petamburan,Wijaya Kesuma,Jl. Karya Rt.010 03
2022,2022,SD NEGERI WIJAYA KUSUMA 07 PG,Jakarta Barat,Grogol Petamburan,Wijaya Kesuma,Jl. Karya I
2022,2022,SD NEGERI DURI KEPA 01 PG,Jakarta Barat,Kebon Jeruk,Duri Kepa,Jl.Raya Duri Kepa Rt.001 02
2022,2022,SD NEGERI DURI KEPA 03,Jakarta Barat,Kebon Jeruk,Duri Kepa,Jalan Mangga Raya RT 002 03
2022,2022,SD NEGERI DURI KEPA 05 PG,Jakarta Barat,Kebon Jeruk,Duri Kepa,"Jl. Mangga 14 Rt.006 04, Kel. Duri Kepa, Kec. Kebon Jeruk, Jakarta Barat 11510"
2022,2022,SD NEGERI DURI KEPA 07 PG,Jakarta Barat,Kebon Jeruk,Duri Kepa,Jl. Ratu Alamanda Blok A7 RT.002 13
2022,2022,SD NEGERI DURI KEPA 11 PG,Jakarta Barat,Kebon Jeruk,Duri Kepa,Jl. Raya Duri Kepa Rt. 001 02
2022,2022,SD NEGERI DURI KEPA 13,Jakarta Barat,Kebon Jeruk,Duri Kepa,Jl.villa Tomang Mas Rt.007 13
2022,2022,SD NEGERI DURI KEPA 16 PG,Jakarta Barat,Kebon Jeruk,Duri Kepa,Jl.komp.green Ville Rt.001 09
2022,2022,SD NEGERI DURI KEPA 17 PG,Jakarta Barat,Kebon Jeruk,Duri Kepa,Jl. Komp. Green Ville Rt.001 09
2022,2022,SD NEGERI KEBON JERUK 01,Jakarta Barat,Kebon Jeruk,Kebon Jeruk,Jl.raya Kebon Jeruk No.41
2022,2022,SD NEGERI KEBON JERUK 02 PG,Jakarta Barat,Kebon Jeruk,Kebon Jeruk,Jl.seruni Komp.kodam V Jaya Rt.004 06
2022,2022,SD NEGERI KEBON JERUK 04 PG,Jakarta Barat,Kebon Jeruk,Kebon Jeruk,Jl.salman Rt.003 03 Kebon Jeruk
2022,2022,SD NEGERI KEBON JERUK 06 PG,Jakarta Barat,Kebon Jeruk,Kebon Jeruk,Jl.H Marzuki Rt.012 03
2022,2022,SD NEGERI KEBON JERUK 08 PAGI,Jakarta Barat,Kebon Jeruk,Kebon Jeruk,Jl. Raya Kebon Jeruk No.41
2022,2022,SD NEGERI KEBON JERUK 10,Jakarta Barat,Kebon Jeruk,Kebon Jeruk,Jl.C. Rt.003 01 Kebon Jeruk No.45
2022,2022,SD NEGERI KEBON JERUK 11 PAGI,Jakarta Barat,Kebon Jeruk,Kebon Jeruk,Jl. Kebon Jeruk
2022,2022,SD NEGERI KEBON JERUK 15 PG,Jakarta Barat,Kebon Jeruk,Kebon Jeruk,Jl.anggrek Cakra Rt.007 09 No.70
2022,2022,SD NEGERI KEBON JERUK 17 PAGI,Jakarta Barat,Kebon Jeruk,Kebon Jeruk,Jl. Kemiri Rt. 002  012
2022,2022,SD NEGERI KEDOYA SELATAN 01 PAGI.,Jakarta Barat,Kebon Jeruk,Kedoya Selatan,Jl. Raya Kedoya Pilar
2022,2022,SD NEGERI KEDOYA SELATAN 04 PG,Jakarta Barat,Kebon Jeruk,Kedoya Selatan,Jalan Pilar Baru RT. 005 RW. 003
2022,2022,SD NEGERI KEDOYA UTARA 01,Jakarta Barat,Kebon Jeruk,Kedoya Utara,Jl. Raya Kedoya Rt.002 06
2022,2022,SD NEGERI KEDOYA UTARA 03,Jakarta Barat,Kebon Jeruk,Kedoya Utara,Jl. Kedoya Raya Rt.012 06 No.2
2022,2022,SD NEGERI KEDOYA UTARA 04,Jakarta Barat,Kebon Jeruk,Kedoya Utara,Jl. Raya Kedoya Utara Rt.11 7
2022,2022,SD NEGERI KEDOYA UTARA 09,Jakarta Barat,Kebon Jeruk,Kedoya Utara,Jl. Kedoya Raya Pesing Koneng RT. 010 08
2022,2022,SD NEGERI KELAPA DUA 01 PG,Jakarta Barat,Kebon Jeruk,Kelapa Dua,Jl. Raya Kelapa Dua Rt.002 08
2022,2022,SD NEGERI KELAPA DUA 03 PG,Jakarta Barat,Kebon Jeruk,Kelapa Dua,Jl.inpres Kelapa Dua Rt.004 05
2022,2022,SD NEGERI KELAPA DUA 05 PG,Jakarta Barat,Kebon Jeruk,Kelapa Dua,Jl.lada Rt.004 08 Kelapa Dua
2022,2022,SD NEGERI KELAPA DUA 06 PG,Jakarta Barat,Kebon Jeruk,Kelapa Dua,Jl.Pos Pengumben RT. 001RW. 06
2022,2022,SD NEGERI SUKABUMI SELATAN 01 PAGI.,Jakarta Barat,Kebon Jeruk,Sukabumi Selatan,Jl. Panjang Sukabumi Selatan
2022,2022,SD NEGERI SUKABUMI SELATAN 05 PG,Jakarta Barat,Kebon Jeruk,Sukabumi Selatan,Jl. K.P.B.D Rt. 009 Rw. 001 No. 50
2022,2022,SD NEGERI SUKABUMI SELATAN 06 PAGI.,Jakarta Barat,Kebon Jeruk,Sukabumi Selatan,Jl. Z Sukabumi Selatan
2022,2022,SD NEGERI CENGKARENG BARAT 16 PG,Jakarta Barat,Cengkareng,Cengkareng Barat,"Jl. Flamboyan VI, RT.1 RW.4"
2022,2022,SD NEGERI CENGKARENG BARAT 19 PG,Jakarta Barat,Cengkareng,Cengkareng Barat,Jl. Rawa Bengkel Rt.004 07
2022,2022,SD NEGERI CENGKARENG TIMUR 05 PG,Jakarta Barat,Cengkareng,Cengkareng Timur,"Jl. Kamal Raya No.12, RT.8 RW.2"
2022,2022,SD NEGERI CENGKARENG TIMUR 14 PG,Jakarta Barat,Cengkareng,Cengkareng Timur,Jl. Bangun Nusa Raya Rt. 011 013
2022,2022,SD NEGERI CENGKARENG TIMUR 15 PG,Jakarta Barat,Cengkareng,Cengkareng Timur,"Jl. Bangun Nusa Raya, RT.11 RW.13"
2022,2022,SD NEGERI CENGKARENG TIMUR 17 PG,Jakarta Barat,Cengkareng,Cengkareng Timur,Jl. Angsana Raya Rt. 07 12 No. 46
2022,2022,SD NEGERI CENGKARENG TIMUR 19 PT,Jakarta Barat,Cengkareng,Cengkareng Timur,Jl. Angsana Raya Rt. 07 12 No. 46
2022,2022,SD NEGERI CENGKARENG TIMUR 21 PG,Jakarta Barat,Cengkareng,Cengkareng Timur,Jl. Outer Ring Road Kayu Besar 
2022,2022,SD NEGERI CENGKARENG TIMUR 22 PT,Jakarta Barat,Cengkareng,Cengkareng Timur,Jl. Bangun Nusa Raya Rt.011 013
2022,2022,SD NEGERI DURI KOSAMBI 05 PT,Jakarta Barat,Cengkareng,Duri Kosambi,Jl. Duri Kosambi Raya Rt. 005 001
2022,2022,SD NEGERI DURI KOSAMBI 06 PG,Jakarta Barat,Cengkareng,Duri Kosambi,Jl. Raya Pondok Randu Rt. 006 02
2022,2022,SD NEGERI DURI KOSAMBI 07 PG,Jakarta Barat,Cengkareng,Duri Kosambi,Jl. Raya Kresek No.51 Rt.07 08
2022,2022,SD NEGERI DURI KOSAMBI 09 PG,Jakarta Barat,Cengkareng,Duri Kosambi,"Jl. Raya Duri Kosambi, Rt. 010 07 No. 1"
2022,2022,SD NEGERI KALIDERES 12 PG,Jakarta Barat,Kali Deres,Kalideres,Jl. Peta Timur No. 7
2022,2022,SD NEGERI KAMAL 01 PG,Jakarta Barat,Kali Deres,Kamal,Jl. Kebon Dua Ratus RT. 003   006
2022,2022,SDN Kebon Baru 03 Pagi,Jakarta Selatan,Tebet,Kebon Baru,"Jl. Kampung Dalam Barat VI 3, RT RW 6 6"
2022,2022,SDN Kebon Baru 09 Pagi,Jakarta Selatan,Tebet,Kebon Baru,Jl. Asem Baris II RT RW 5 9
2022,2022,SD Indriyasana,Jakarta Selatan,Tebet,Menteng Dalam,Jl. H Ramli Utara No.29 RT RW 3 7
2022,2022,SDS Cita Buana,Jakarta Selatan,Jagakarsa,Jagakarsa,Jl. Paso no. 84 RT RW 6 4
2022,2022,SDN Kebon Baru 07 Pagi,Jakarta Selatan,Tebet,Kebon Baru,Jl. Asem Baris II RT RW 5 9
2022,2022,SDN Jagakarsa 01 Pagi,Jakarta Selatan,Jagakarsa,Jagakarsa,Jl. Jagakarsa I No.5A RT RW 002 007
2022,2022,SDN Kalibata 04 Pagi,Jakarta Selatan,Pancoran,Kalibata,Jl. Kalibata Timur IV  E RT RW 010 008
2022,2022,SDN Manggarai 03,Jakarta Selatan,Tebet,Manggarai,Jl. Manggarai Utara V 6 RT RW 1 5
2022,2022,SDN Manggarai 09,Jakarta Selatan,Tebet,Manggarai,Jl.Manggarai Selatan II 
2022,2022,SDN Tebet Barat 05,Jakarta Selatan,Tebet,Tebet Barat,Jl. Tebet Dalam III 
2022,2022,SDN Tebet Barat 08,Jakarta Selatan,Tebet,Tebet Barat,Jl. Tebet Barat X 4 Rt.014 05 
2022,2022,SDN Tebet Timur 11 Pagi,Jakarta Selatan,Tebet,Tebet Timur,Jl. Tebet Timur Dalam X RT RW 8 7
2022,2022,SDN Tebet Timur 07,Jakarta Selatan,Tebet,Tebet Timur,Jl. Tebet Utara III RT RW 2 8
2022,2022,Sekolah Bina Gita Gemilang,Jakarta Selatan,Tebet,Tebet Barat,Jl. Prof. Soepomo No. 11 
2022,2022,SDN Ciganjur 02 Pagi,Jakarta Selatan,Jagakarsa,Ciganjur,Jl. Warung Sila RT. 005 04
2022,2022,SDIT Al Ittihaad,Jakarta Selatan,Tebet,Tebet Barat,Jl. Tebet Mas Indah I RT RW 2 9
2022,2022,SDN Rawa Barat 05,Jakarta Selatan,Kebayoran Baru,Rawa Barat,Jl. Birah III No. 3 Blok S RT RW 5 4
2022,2022,SDN Pulo 07 Pagi,Jakarta Selatan,Kebayoran Baru,Pulo,Jl. Brawijaya XII RT RW 5 3
2022,2022,SDS Al Amjad,Jakarta Selatan,Kebayoran Baru,Cipete Utara,Jl. Damai V 14 RT RW 8 1
2022,2022,SDS Bakti Ibu,Jakarta Selatan,Kebayoran Baru,Rawa Barat,Jl. Suryo No. 35
2022,2022,SDN Selong 04 Pagi,Jakarta Selatan,Kebayoran Baru,Selong,Jl. Daksa IV 4 RT RW 2 6
2022,2022,SDS Raudhatul Ulum,Jakarta Selatan,Kebayoran Baru,Pulo,Jl. Pete II 390 Blok A II RT RW 6 3
2022,2022,SDN Kramat Pela 07,Jakarta Selatan,Kebayoran Baru,Kramat Pela,Jl. Gandaria Tengah II RT RW 8 9
2022,2022,SDS Cenderawasih II,Jakarta Selatan,Kebayoran Baru,Melawai,Jl. Iskandarsyah II No.92a RT RW 1 7
2022,2022,SD Tauladan 17 Agustus,Jakarta Selatan,Tebet,Tebet Barat,Jl. Tebet Dalam Iv RT RW 1 9
2022,2022,SDS Nurul Hidayah,Jakarta Selatan,Kebayoran Baru,Cipete Utara,JL. H. JIAN NO. 6 RT RW 3 5
2022,2022,SDS Manaratul Ulum,Jakarta Selatan,Kebayoran Baru,Gandaria Utara,Jl. Masjid Darussalam No. 3 RT RW 5 1
2022,2022,SDN Cipete Selatan 01,Jakarta Selatan,Cilandak,Cipete Selatan,Jl. Asem Dua RT. 003 03 No. 37
2022,2022,SDN Pulo 01 Pagi,Jakarta Selatan,Kebayoran Baru,Pulo,Jl. Jembatan Selatan RT RW 9 5
2022,2022,SDN Cipete Utara 05 Pagi,Jakarta Selatan,Kebayoran Baru,Cipete Utara,Jl. Naim III. RT 012 06
2022,2022,SDN Cipete Utara 13 Pagi,Jakarta Selatan,Kebayoran Baru,Cipete Utara,Jl. KH. M. Naim III 29 RT RW 9 6
2022,2022,SDN Gunung 05,Jakarta Selatan,Kebayoran Baru,Gunung,Jl. Hang Lekir V No. 53 RT RW 6 4
2022,2022,SDN Cipete Utara 09 Pagi,Jakarta Selatan,Kebayoran Baru,Cipete Utara,Jl. Kirai Ujung No.1 RT RW 3 8
2022,2022,SDN Cipete Utara 01 Pagi,Jakarta Selatan,Kebayoran Baru,Cipete Utara,Jl. RS. Fatmawati RT.002 005 No. 1 RT RW 5 2
2022,2022,SDIT Al Hikmah,Jakarta Selatan,Cilandak,Cilandak Barat,Jl. Al Barkah I No.56a RT RW 11 3
2022,2022,SDN Cilandak Barat 01 Pagi,Jakarta Selatan,Cilandak,Cilandak Barat,Jl. BDN I No. 72 RT RW 13 11
2022,2022,SDN Pondok Labu 12,Jakarta Selatan,Cilandak,Pondok Labu,Jl. Andara I No 85 RT RW 3 2
2022,2022,SD Keluarga Widuri,Jakarta Selatan,Cilandak,Lebak Bulus,Jl. Gunung Balong I 2 RT RW 9 4
2022,2022,SDN Cipete Selatan 03,Jakarta Selatan,Cilandak,Cipete Selatan,Jl. Anggur II No. 114 RT 008 006 Komp. BRI RT RW 6 8
2022,2022,SDN Pondok Labu 14 Pagi,Jakarta Selatan,Cilandak,Pondok Labu,Jl. Bango IV No. 55 RT RW 3 8
2022,2022,SDN Pondok Labu 13 Pagi,Jakarta Selatan,Cilandak,Pondok Labu,Jl. Bango II Pondok Labu RT RW 3 7
2022,2022,SDN Cilandak Barat 07 Pagi,Jakarta Selatan,Cilandak,Cilandak Barat,Jl. Caringin Timur No. 40
2022,2022,SDN Cilandak Barat 04 Pagi,Jakarta Selatan,Cilandak,Cilandak Barat,Komplek BNI 46 No. 35 RT RW 5 4
2022,2022,SDI Al Jabr,Jakarta Selatan,Cilandak,Pondok Labu,Jl. Bango Ii No. 34 RT RW 3 6
2022,2022,SD YAPENKA,Jakarta Selatan,Cilandak,Cipete Selatan,Jalan Cipete III No 5 RT RW 6 4
2022,2022,SDN Lebak Bulus 01 Pagi,Jakarta Selatan,Cilandak,Lebak Bulus,Jl . Gunung Balong RT RW 4 7
2022,2022,SDN Lebak Bulus 07 Pagi,Jakarta Selatan,Cilandak,Lebak Bulus,Jl. Gunung Balong RT RW 007 04
2022,2022,SDS Purba Adhika,Jakarta Selatan,Cilandak,Lebak Bulus,Jl. Karang Tengah RT RW 3 6
2022,2022,SDI Al Azkar,Jakarta Selatan,Cilandak,Lebak Bulus,Jl. Karang Tengah Raya 30 A Rt 06 Rw 4 Lebak Bulus
2022,2022,SDN Pondok Labu 02 Pagi,Jakarta Selatan,Cilandak,Pondok Labu,"Jl. Swakarya Bawah Blok C No.8, RT.3 RW.9"
2022,2022,SDI Al Barkah,Jakarta Selatan,Cilandak,Lebak Bulus,"Jl. Karang Tengah Raya No.10, RT.5 RW.4"
2022,2022,SDN Pondok Labu 11 Pagi,Jakarta Selatan,Cilandak,Pondok Labu,"Komplek PT, Jl. Komp. Timah Jl. Margasatwa No.RT.1, RT.1 RW.3,"
2022,2022,SD Gemala Ananda,Jakarta Selatan,Cilandak,Lebak Bulus,Jl. Lebak Bulus III No.93G RT RW 4 9
2022,2022,SDN Pondok Labu 16,Jakarta Selatan,Cilandak,Pondok Labu,Jl. Pondok Labu I A RT RW 7 2
2022,2022,SDI Dwi Matra,Jakarta Selatan,Cilandak,Cilandak Barat,Jl. MPR III No. 30 A RT RW 13 5
2022,2022,SDN Cilandak Barat 03,Jakarta Selatan,Cilandak,Cilandak Barat,Jl. Tanjung Komp. Mpr RT RW 7 1
2022,2022,SDN Gandaria Selatan 03,Jakarta Selatan,Cilandak,Gandaria Selatan,"Jl. Madrasah No.45, RT.9 RW.2"
2022,2022,SDN Cipete Selatan 05 Pagi,Jakarta Selatan,Cilandak,Cipete Selatan,"Jl. Mawar I No.19 B, RT.12 RW.2"
2022,2022,SDI Assa adah,Jakarta Selatan,Cilandak,Cilandak Barat,"Jl. Puri Mutiara II No.29 A, RT.8 RW.11"
2022,2022,SDI   Plus   Al Hasaniah,Jakarta Selatan,Cilandak,Pondok Labu,"Jl. Margasatwa Gang Masjid At-Taubah No.9, RT.4 RW.3"
2022,2022,SDN Cilandak Barat 15 Pagi,Jakarta Selatan,Cilandak,Cilandak Barat,"Jl. Pangeran Antasari No.56, RT.14 RW.1"
2022,2022,SDN Lebak Bulus 02,Jakarta Selatan,Cilandak,Lebak Bulus,Jl. PERTANIAN RAYA No.59 RT.4 RW.4 
2022,2022,SD NEGERI SUKABUMI SELATAN 07 PAGI,Jakarta Barat,Kebon Jeruk,Sukabumi Selatan,Jl. Raya Pos Pengumben RT 02 08
2022,2022,SD NEGERI SUKABUMI UTARA 01 PG,Jakarta Barat,Kebon Jeruk,Sukabumi Utara,Jl. Adam Rt.005 011 Sukabumi Utara
2022,2022,SD NEGERI SUKABUMI UTARA 03 PAGI,Jakarta Barat,Kebon Jeruk,Sukabumi Utara,JL. HARUN RAYA RT. 008 07 No 49
2022,2022,SD NEGERI SUKABUMI UTARA 04 PAGI,Jakarta Barat,Kebon Jeruk,Sukabumi Utara,Jl. Daud Raya
2022,2022,SD NEGERI SUKABUMI UTARA 05,Jakarta Barat,Kebon Jeruk,Sukabumi Utara,Jl.salam III Rt.004 06
2022,2022,SD NEGERI SUKABUMI UTARA 07 PAGI,Jakarta Barat,Kebon Jeruk,Sukabumi Utara,Jl. Salam Raya Rt. 01 rw 03 Sukabumi utara kebon jeruk jakarta barat
2022,2022,SD NEGERI SUKABUMI UTARA 09 PG,Jakarta Barat,Kebon Jeruk,Sukabumi Utara,Jl.Yusuf No.5 Rt.001 11
2022,2022,SD NEGERI KEMBANGAN SELATAN 01 PG,Jakarta Barat,Kembangan,Kembangan Selatan,Jl Raya Kembangan Selatan
2022,2022,SD NEGERI KEMBANGAN SELATAN 03 PAGI,Jakarta Barat,Kembangan,Kembangan Selatan,Jl. Raya Kembangan Rt. 006   003
2022,2022,SD NEGERI KEMBANGAN UTARA 01 PG,Jakarta Barat,Kembangan,Kembangan Utara,Jl.Raya Kembangan Utara Rt.001 02 No.83
2022,2022,SD NEGERI KEMBANGAN UTARA 04 PG,Jakarta Barat,Kembangan,Kembangan Utara,Jl.Raya Kembangan Rt.001 03
2022,2022,SD NEGERI KEMBANGAN UTARA 05 PG,Jakarta Barat,Kembangan,Kembangan Utara,Jl. Kembangan Baru Rt.005 03
2022,2022,SD NEGERI KEMBANGAN UTARA 06 PAGI,Jakarta Barat,Kembangan,Kembangan Utara,JALAN KAMPUNG BARU
2022,2022,SD NEGERI KEMBANGAN UTARA 07 PT,Jakarta Barat,Kembangan,Kembangan Utara,Jalan Kampung Baru Rt 05 Rw 03
2022,2022,SD NEGERI KEMBANGAN UTARA 08 PT,Jakarta Barat,Kembangan,Kembangan Utara,Jl.kp.baru Rt.005 03
2022,2022,SD NEGERI KEMBANGAN UTARA 09 PG,Jakarta Barat,Kembangan,Kembangan Utara,Jl. Basmol Rt.009 06 No.9
2022,2022,SD NEGERI KEMBANGAN UTARA 10 PG,Jakarta Barat,Kembangan,Kembangan Utara,Jl. Kampung Basmol Rt.09 06
2022,2022,SD NEGERI MERUYA SELATAN 01 PAGI,Jakarta Barat,Kembangan,Meruya Selatan,Jl. H. Juhri
2022,2022,SD NEGERI MERUYA SELATAN 03,Jakarta Barat,Kembangan,Meruya Selatan,Jl. H. Saaba Rt 002 02
2022,2022,SD NEGERI MERUYA SELATAN 04,Jakarta Barat,Kembangan,Meruya Selatan,Jl. H. Saaba Rt 08 03
2022,2022,SD NEGERI MERUYA SELATAN 06 PG,Jakarta Barat,Kembangan,Meruya Selatan,Jl. Lapangan Jabek Mega Kebon Jeruk Rt. 002 001
2022,2022,SD NEGERI MERUYA UTARA 02 PAGI,Jakarta Barat,Kembangan,Meruya Utara,JL. MERUYA UTARA RT. 004 04
2022,2022,SD NEGERI MERUYA UTARA 03 PG,Jakarta Barat,Kembangan,Meruya Utara,Jl. Sanggrahan Rt. 09 05
2022,2022,SD NEGERI MERUYA UTARA 05 PAGI,Jakarta Barat,Kembangan,Meruya Utara,Jl. Jeruk Manis Rt.04 01
2022,2022,SD NEGERI MERUYA UTARA 07 PG,Jakarta Barat,Kembangan,Meruya Utara,Jl. Sanggrahan Rt. 10 05
2022,2022,SD NEGERI MERUYA UTARA 09 PG,Jakarta Barat,Kembangan,Meruya Utara,Jl.jomas Rt.2 Rw.5 9.a
2022,2022,SD NEGERI MERUYA UTARA 10 PG,Jakarta Barat,Kembangan,Meruya Utara,Jln. Jomas Rt.02  05
2022,2022,SD NEGERI MERUYA UTARA 13 PAGI,Jakarta Barat,Kembangan,Meruya Utara,Jl. Taman Aries Blok F  12
2022,2022,SD NEGERI SRENGSENG 01,Jakarta Barat,Kembangan,Srengseng,Jl. Srengseng Raya Rt 004 03
2022,2022,SD NEGERI SRENGSENG 03 PAGI,Jakarta Barat,Kembangan,Srengseng,Jl. Perum Taman Kebun Jeruk Rt.002 04
2022,2022,SD NEGERI SRENGSENG 04,Jakarta Barat,Kembangan,Srengseng,Jl Raya Srengseng Rt 004 03
2022,2022,SD NEGERI SRENGSENG 05 PG,Jakarta Barat,Kembangan,Srengseng,Jl Srengseng Raya No.56
2022,2022,SD NEGERI SRENGSENG 06 PAGI,Jakarta Barat,Kembangan,Srengseng,Jl Srengseng Raya No. 56
2022,2022,SD NEGERI JATI PULO 01 PAGI,Jakarta Barat,Palmerah,Jati Pulo,Jl. Turi No. 32
2022,2022,SD NEGERI JATI PULO 03 PAGI,Jakarta Barat,Palmerah,Jati Pulo,Jl. Semangka Ii No. 34
2022,2022,SD NEGERI JATI PULO 05 PAGI,Jakarta Barat,Palmerah,Jati Pulo,Jl. Rawa Pandan No. 14 RT 011 003
2022,2022,SD NEGERI JATI PULO 06 PAGI,Jakarta Barat,Palmerah,Jati Pulo,Jl. Rawa Pandan No. 15
2022,2022,SD NEGERI JATI PULO 07,Jakarta Barat,Palmerah,Jati Pulo,Jl. Teratai Rt. 004  01No.17
2022,2022,SD NEGERI JATI PULO 08 PAGI,Jakarta Barat,Palmerah,Jati Pulo,Jl. Seroja No. 16
2022,2022,SD NEGERI KEMANGGISAN 01 PAGI,Jakarta Barat,Palmerah,Kemanggisan,Jl. Anggrek Garuda Blok E
2022,2022,SD NEGERI KEMANGGISAN 03 PAGI,Jakarta Barat,Palmerah,Kemanggisan,Jl. Anggrek Garuda Blok. E Komp. Slipi
2022,2022,SD NEGERI KEMANGGISAN 05 PAGI,Jakarta Barat,Palmerah,Kemanggisan,"Jl. Anggrek Garuda, Blok E. Rt. 005 Rw. 002"
2022,2022,SD NEGERI KEMANGGISAN 06 PAGI,Jakarta Barat,Palmerah,Kemanggisan,Jl. Anggrek Garuda Blok E
2022,2022,SD NEGERI KEMANGGISAN 08 PAGI,Jakarta Barat,Palmerah,Kemanggisan,Jl. Anggrek Garuda No. 17
2022,2022,SD NEGERI KEMANGGISAN 10 PAGI,Jakarta Barat,Palmerah,Kemanggisan,Jl. Anggrek Rosliana VII
2022,2022,SD NEGERI KEMANGGISAN 12,Jakarta Barat,Palmerah,Kemanggisan,Jl. Anggrek Rosliana VII RT.013 RW.006
2022,2022,SD NEGERI KEMANGGISAN 14,Jakarta Barat,Palmerah,Kemanggisan,Jl. Kemanggisan Ilir II 9
2022,2022,SD NEGERI KEMANGGISAN 17 PAGI,Jakarta Barat,Palmerah,Kemanggisan,Jl. Pln I Rt.002 09 NO.14
2022,2022,SD NEGERI KOTA BAMBU 01 PAGI,Jakarta Barat,Palmerah,Kota Bambu Utara,KOMPLEK PJKA PONDOK BANDUNG RT.002 001
2022,2022,SD NEGERI KOTA BAMBU 02 PETANG,Jakarta Barat,Palmerah,Kota Bambu Utara,Komplek Pjka Pondok Bandung
2022,2022,SD NEGERI KOTA BAMBU 03 PAGI,Jakarta Barat,Palmerah,Kota Bambu Selatan,Jl. K.S. Tubun I No. 14
2022,2022,SD NEGERI KOTA BAMBU 04,Jakarta Barat,Palmerah,Kota Bambu Selatan,Jl. KS Tubun I No 14
2022,2022,SD NEGERI KOTA BAMBU 07 PAGI,Jakarta Barat,Palmerah,Kota Bambu Selatan,Jl. Ks. Tubun I 2 Rt.005 01
2022,2022,SD NEGERI PALMERAH 01 PAGI,Jakarta Barat,Palmerah,Palmerah,Jl. Palmerah Utara No. 80
2022,2022,SD Negeri Palmerah 03 Pg.,Jakarta Barat,Palmerah,Palmerah,Jl. Palmerah Utara No. 80
2022,2022,SD NEGERI PALMERAH 05 PAGI,Jakarta Barat,Palmerah,Palmerah,Jl. Palmerah Utara No. 80
2022,2022,SD NEGERI PALMERAH 07 PAGI,Jakarta Barat,Palmerah,Palmerah,Jl. Palmerah Utara No. 88
2022,2022,SD NEGERI PALMERAH 09 PAGI,Jakarta Barat,Palmerah,Palmerah,Jl. Palmerah Barat Rt.06 14
2022,2022,SD NEGERI PALMERAH 13 PAGI,Jakarta Barat,Palmerah,Palmerah,Jl. Palmerah Barat II Rt 008 08
2022,2022,SD NEGERI PALMERAH 15 PAGI,Jakarta Barat,Palmerah,Palmerah,Jl. Sandang Palmerah Rt. 005 015
2022,2022,SD NEGERI PALMERAH 17 PAGI,Jakarta Barat,Palmerah,Palmerah,Jl. Sandang Palmerah Rt. 005 015
2022,2022,SD NEGERI PALMERAH 19 PAGI,Jakarta Barat,Palmerah,Palmerah,Jl. Rawa Belong II E Rt.009 Rw.015
2022,2022,SD NEGERI PALMERAH 20 PAGI,Jakarta Barat,Palmerah,Palmerah,JL. RAWA BELONG II E
2022,2022,SD NEGERI PALMERAH 21 PAGI,Jakarta Barat,Palmerah,Palmerah,Jl. Palmerah Barat VI Rt 009 015
2022,2022,SD NEGERI PALMERAH 22 PAGI,Jakarta Barat,Palmerah,Palmerah,Jl. Palmerah Barat VI
2022,2022,SD NEGERI PALMERAH 23 PAGI,Jakarta Barat,Palmerah,Palmerah,Jl. Rawa Belong II E No.153
2022,2022,SD NEGERI PALMERAH 25 PAGI,Jakarta Barat,Palmerah,Palmerah,Jl. Kemanggisan Pulo Rt.12 03 No.21b
2022,2022,SD NEGERI ANGKE 01 PAGI,Jakarta Barat,Tambora,Angke,"Jl. Angke Indah Gg. 5, RT.1 RW.3"
2022,2022,SD NEGERI ANGKE 05 PAGI,Jakarta Barat,Tambora,Angke,Jl. Angke Indah I Gg. V NO.8
2022,2022,SD NEGERI CENGKARENG BARAT 03 PG,Jakarta Barat,Cengkareng,Cengkareng Barat,Jl. Utama Raya No. 41
2022,2022,SD NEGERI CENGKARENG BARAT 04 PTG,Jakarta Barat,Cengkareng,Cengkareng Barat,Jl. Utama Raya No. 41 Rt. 009 Rw. 004
2022,2022,SD NEGERI CENGKARENG BARAT 05 PG,Jakarta Barat,Cengkareng,Cengkareng Barat,Jl. Utama Raya No.41
2022,2022,SD NEGERI CENGKARENG BARAT 06 PT,Jakarta Barat,Cengkareng,Cengkareng Barat,Jl. Utama Raya No.41
2022,2022,SD NEGERI CENGKARENG BARAT 07 PG,Jakarta Barat,Cengkareng,Cengkareng Barat,"Jl. Rw. Kramat No.4, RW.4"
2022,2022,SD NEGERI CENGKARENG BARAT 09 PG,Jakarta Barat,Cengkareng,Cengkareng Barat,Jl. Bambu Larangan Rt.003 05
2022,2022,SD NEGERI CENGKARENG BARAT 11,Jakarta Barat,Cengkareng,Cengkareng Barat,Jl. Cendrawasih X Rt.006 07
2022,2022,SD NEGERI CENGKARENG BARAT 14 PAGI,Jakarta Barat,Cengkareng,Cengkareng Barat,Jl. Jaya VIII Rt.02 10
2022,2022,SDN Penjaringan 10 Pagi,Jakarta Utara,Penjaringan,Penjaringan,Jl. Bandengan Utara No. 80
2022,2022,SD NEGERI PENJARINGAN 03,Jakarta Utara,Penjaringan,Penjaringan,Jl. Raya Pluit Selatan 105
2022,2022,SDN Pejagalan 09 Pagi,Jakarta Utara,Penjaringan,Pejagalan,Jl. Cenang I Teluk Gong
2022,2022,SDN KAPUK MUARA 01 PAGI,Jakarta Utara,Penjaringan,Kapuk Muara,Kapuk Muara No.9
2022,2022,SDN Kamal Muara 01 Pagi,Jakarta Utara,Penjaringan,Kamal Muara,Jl. Raya Kamal Pantai No.5
2022,2022,SDN KAPUK MUARA 03,Jakarta Utara,Penjaringan,Kapuk Muara,Jl. Smp 122 Rt.001 003
2022,2022,SD NEGERI PEJAGALAN 01 PG,Jakarta Utara,Penjaringan,Pejagalan,Teluk Gong Jl. D Rt 12 10
2022,2022,SDN Pejagalan 05 Pg.,Jakarta Utara,Penjaringan,Pejagalan,Jl. Teluk Gong Rt.015 08
2022,2022,SDN Pluit 03 Pg.,Jakarta Utara,Penjaringan,Pluit,Jl. Komp. Nelayan Muara Angke
2022,2022,SDS Pluit Raya,Jakarta Utara,Penjaringan,Penjaringan,Jl. Jembatan Tiga No. 1
2022,2022,SDS Pusaka Abadi,Jakarta Utara,Penjaringan,Pejagalan,Jl. V. No 26 Teluk Gong
2022,2022,SD NEGERI PLUIT 05 PG,Jakarta Utara,Penjaringan,Pluit,Komplek Nelayan Muara Angke
2022,2022,SD NEGERI SUNTER JAYA 03 PG,Jakarta Utara,Tanjung Priok,Sunter Jaya,Jl. Sunter Jaya IV
2022,2022,SD NEGERI KEBON BAWANG 01,Jakarta Utara,Tanjung Priok,Kebon Bawang,Jl. Kebon Bawang XIII
2022,2022,SDN Kebon Bawang 03 Pg.,Jakarta Utara,Tanjung Priok,Kebon Bawang,Jl. Kebon Bawang XIII
2022,2022,SDN Kebon Bawang 05 Pg.,Jakarta Utara,Tanjung Priok,Kebon Bawang,Jl. Swasembada Barat 2 No.2
2022,2022,SD NEGERI KEBON BAWANG 07 PG,Jakarta Utara,Tanjung Priok,Kebon Bawang,Jl. Kebon Bawang XIII
2022,2022,SDN Kebon Bawang 08 Pt.,Jakarta Utara,Tanjung Priok,Kebon Bawang,Jl Kebon bawang XIII No 15
2022,2022,SDN KEBON BAWANG 09 PETANG,Jakarta Utara,Tanjung Priok,Kebon Bawang,Jl. Swasembada Barat 2 No.2
2022,2022,SDN Papanggo 01 Pg.,Jakarta Utara,Tanjung Priok,Papanggo,Jl. Papanggo III No. 53
2022,2022,SDN Papanggo 03 Pg.,Jakarta Utara,Tanjung Priok,Papanggo,Jl.Warakas I Gang 25
2022,2022,SDN Sungai Bambu 01 Pg.,Jakarta Utara,Tanjung Priok,Sungai Bambu,Jl. Gadang No. 52
2022,2022,SDN Sungai Bambu 03 Pg.,Jakarta Utara,Tanjung Priok,Sungai Bambu,Jl. Gadang No. 52
2022,2022,SDN Sungai Bambu 05,Jakarta Utara,Tanjung Priok,Sungai Bambu,Jl. Sungai Bambu III NO 34
2022,2022,SDN SUNTER AGUNG 01,Jakarta Utara,Tanjung Priok,Sunter Agung,Jl. Ancol Selatan I No. 1
2022,2022,SD NEGERI SUNTER AGUNG 03 PG,Jakarta Utara,Tanjung Priok,Sunter Agung,Jl. Agung Jaya 15 Blok D
2022,2022,SDN Sunter Agung 05 Pg.,Jakarta Utara,Tanjung Priok,Sunter Agung,Jl. Agung Utara No. 13 Blok A
2022,2022,SDN Sunter Agung 07,Jakarta Utara,Tanjung Priok,Sunter Agung,Jl. Danau Agung III
2022,2022,SD NEGERI SUNTER AGUNG 09 PG,Jakarta Utara,Tanjung Priok,Sunter Agung,Jl. Sunter Permai Raya No. 21
2022,2022,SDN Sunter Agung 11 Pg.,Jakarta Utara,Tanjung Priok,Sunter Agung,Jl. Taman Nyiur 11 Komplek BI Sunter Agung
2022,2022,SDN Sunter Agung 12 Pg.,Jakarta Utara,Tanjung Priok,Sunter Agung,Jl. Paradise 10 Blok F. 19-20
2022,2022,SDN Sunter Agung 13 Pagi,Jakarta Utara,Tanjung Priok,Sunter Agung,"Jl. Selat Sumba, Komp.Graha Sunter Pratama"
2022,2022,SDN Sunter Jaya 01 Pg.,Jakarta Utara,Tanjung Priok,Sunter Jaya,Jl. Sunter Jaya IV A
2022,2022,SD NEGERI SUNTER JAYA 05 PG,Jakarta Utara,Tanjung Priok,Sunter Jaya,Jl. Sunter Jaya IV A
2022,2022,SDN Sunter Jaya 07 Pg.,Jakarta Utara,Tanjung Priok,Sunter Jaya,Jl. Sunter Jaya VII No. 31
2022,2022,SD NEGERI SUNTER JAYA 09,Jakarta Utara,Tanjung Priok,Sunter Jaya,Jl. Danau Indah II
2022,2022,SDN Tanjung Priok 01 Pg.,Jakarta Utara,Tanjung Priok,Tanjung Priok,"Jl. Yos Sudarso, Edam II No. 13"
2022,2022,SDN Tanjung Priok 02 Pagi,Jakarta Utara,Tanjung Priok,Tanjung Priok,Jl. RE. Martadinata Gg.Samudera IX
2022,2022,SD NEGERI TANJUNG PRIOK 04 PG,Jakarta Utara,Tanjung Priok,Tanjung Priok,Jl. Bahari Gg. Ii Ujung
2022,2022,SDN Warakas 01 Pg.,Jakarta Utara,Tanjung Priok,Warakas,Jl. Warakas VII No.104
2022,2022,SDN Warakas 03,Jakarta Utara,Tanjung Priok,Warakas,Jl. Warakas I Gg. 20
2022,2022,SDN Warakas 05 Pg,Jakarta Utara,Tanjung Priok,Warakas,Jl. Warakas I Gg. 20 No. 1
2022,2022,SD NEGERI WARAKAS 07 PG,Jakarta Utara,Tanjung Priok,Warakas,Jl. Warakas I Gg. 20 No. 1
2022,2022,SD JUARA,Jakarta Utara,Tanjung Priok,Kebon Bawang,JL. SWASEMBADA TIMUR XIII NO 46-50
2022,2022,SDN Tugu Selatan 03 Pg.,Jakarta Utara,Koja,Tugu Selatan,Jl. Balai Rakyat No. 19
2022,2022,SDN Tugu Selatan 01 Pg,Jakarta Utara,Koja,Tugu Selatan,Jl. Balai Rakyat No. 17
2022,2022,SDN TUGU UTARA 09,Jakarta Utara,Koja,Tugu Utara,Jl.Mahoni Ujung Komp.UKA
2022,2022,SD NEGERI TUGU UTARA 11,Jakarta Utara,Koja,Tugu Utara,Jl. Komplek Uka
2022,2022,SDN Tugu Utara 13 Pg,Jakarta Utara,Koja,Tugu Utara,Jl. Kr. Jaya Gg.VIII Blok R
2022,2022,SDN TUGU UTARA 14 PAGI,Jakarta Utara,Koja,Tugu Utara,Jl. Kramat Jaya Gg.VIII Blok R No. 43
2022,2022,SDN Tugu Utara 15 Pg.,Jakarta Utara,Koja,Tugu Utara,Jl. H. M. Darpi Plump. Semper
2022,2022,SDN Tugu Utara 19 Pg.,Jakarta Utara,Koja,Tugu Utara,Jl. Kramat Jaya Gg.VIII Blok R
2022,2022,SDN Tugu Utara 21 Pg.,Jakarta Utara,Koja,Tugu Utara,Jl. Kr. Jaya Gg.VIII Blok R
2022,2022,SDN TUGU UTARA 22,Jakarta Utara,Koja,Tugu Utara,Jl. Kramat Jaya Komplek Deperla
2022,2022,SDN Rawa Badak Selatan 01 Pg.,Jakarta Utara,Koja,Rawa Badak Selatan,Jl. Kemudi No. 1 K. Perumtel
2022,2022,SD NEGERI RAWA BADAK SELATAN 03 Pagi,Jakarta Utara,Koja,Rawa Badak Selatan,Jl. Kemudi Komplek Pelindo 2
2022,2022,SD NEGERI SLIPI 15 PAGI,Jakarta Barat,palmerah,Slipi,Jl. Ks. Tubun III Dalam
2022,2022,SD NEGERI SLIPI 01,Jakarta Barat,palmerah,Slipi,Jl. K.S. Tubun III No. 40
2022,2022,SD NEGERI SLIPI 07 PAGI,Jakarta Barat,palmerah,Slipi,Jl. G II RT 06 02 
2022,2022,SD NEGERI SLIPI 11 PAGI,Jakarta Barat,palmerah,Slipi,Jl. Z Slipi Dalam Rt. 0011 02
2022,2022,SD NEGERI SLIPI 18 PAGI,Jakarta Barat,palmerah,Slipi,Jl. Ks. Tubun III Dalam No. 37
2022,2022,SD NEGERI GROGOL 07,Jakarta Barat,Grogol Petamburan,Grogol,Jl. Dr. Semeru Raya I Rt.11 07 No. 1
2022,2022,SD NEGERI GROGOL 01 PG,Jakarta Barat,Grogol Petamburan,Grogol,Jl. Semeru VII   J
2022,2022,SD NEGERI GROGOL 05 PG,Jakarta Barat,Grogol Petamburan,Grogol,Jl.Dr Semeru Raya No. I
2022,2022,SD NEGERI GROGOL 11,Jakarta Barat,Grogol Petamburan,Grogol,Jl. Rawa Bahagia Raya No. 30
2022,2022,SD NEGERI JELAMBAR 01 PG,Jakarta Barat,Grogol Petamburan,Jelambar,Jl. Empang Bahagia
2022,2022,SD NEGERI JELAMBAR 03 PG,Jakarta Barat,Grogol Petamburan,Jelambar,Jl. Empang Bahagia X
2022,2022,SD NEGERI JELAMBAR 06 PG,Jakarta Barat,Grogol Petamburan,Jelambar,Jl. Kavling Polri Blok D.XIII
2022,2022,SD NEGERI JELAMBAR 08 PG,Jakarta Barat,Grogol Petamburan,Jelambar,Jl. Hadiah No. 11-13
2022,2022,SD NEGERI JELAMBAR BARU 01 PG,Jakarta Barat,Grogol Petamburan,Jelambar Baru,Jl. Jelambar Barat Ii E
2022,2022,SD NEGERI JELAMBAR BARU 03 PG,Jakarta Barat,Grogol Petamburan,Jelambar Baru,Jl. Jelambar Selatan XVI RT.001 09
2022,2022,SD NEGERI JELAMBAR BARU 05 PG,Jakarta Barat,Grogol Petamburan,Jelambar Baru,Jl. Jelambar Selatan XVI
2022,2022,SD NEGERI JELAMBAR BARU 07,Jakarta Barat,Grogol Petamburan,Jelambar Baru,Jl. Sukajaya I Rt 08 01
2022,2022,SD NEGERI JELAMBAR BARU 09 PAGI,Jakarta Barat,Grogol Petamburan,Jelambar Baru,Jl. Sukajaya I
2022,2022,SD NEGERI TANJUNG DUREN SELATAN 01 PG,Jakarta Barat,Grogol Petamburan,Tanjung Duren Selatan,Jl. Tanjung Duren Timur V 26
2022,2022,SD NEGERI TANJUNG DUREN SELATAN 05 PG,Jakarta Barat,Grogol Petamburan,Tanjung Duren Selatan,Jl. Tg. Duren Timur Dalam Iv  26
2022,2022,SD NEGERI TANJUNG DUREN UTARA 01 PG,Jakarta Barat,Grogol Petamburan,Tanjung Duren Utara,Jl. Tanjung Duren Utara III 03
2022,2022,SD NEGERI TANJUNG DUREN UTARA 02 PG,Jakarta Barat,Grogol Petamburan,Tanjung Duren Utara,Jl. Tanjung Duren Utara III e Rt 008 003
2022,2022,SD NEGERI TANJUNG DUREN UTARA 06 PAGI,Jakarta Barat,Grogol Petamburan,Tanjung Duren Utara,Jl. Tanjung Duren Raya No. 20 Rt 013 007
2022,2022,SDN Grogol Selatan 13 Pagi,Jakarta Selatan,Kebayoran Lama,Grogol Selatan,"Jl. Komp. Hankam Cidodol No.100, RT.10 RW.6"
2022,2022,SDN Grogol Selatan 01 Pagi,Jakarta Selatan,Kebayoran Lama,Grogol Selatan,"Jl. Raya Kby. Lama No.86, RT.4"
2022,2022,SDN Pondok Pinang 01,Jakarta Selatan,Kebayoran Lama,Pondok Pinang,Jl. Pondok Pinang Raya No. 19
2022,2022,SDN Pondok Pinang 08 Pagi,Jakarta Selatan,Kebayoran Lama,Pondok Pinang,"Jl. Subur No.12, RW.5, Pd. Pinang"
2022,2022,SDN Pondok Pinang 05 Pagi,Jakarta Selatan,Kebayoran Lama,Pondok Pinang,"Jl. H. Midar No.1, RT.4 RW.11"
2022,2022,SDN Pondok Pinang 10 Pagi,Jakarta Selatan,Kebayoran Lama,Pondok Pinang,"Jl. Sapta Taruna Baru No.10, RW.7"
2022,2022,SDN Keb. Lama Utara 03 Pagi,Jakarta Selatan,Kebayoran Lama,Kebayoran Lama Utara,"Jl. Ciputat Raya No.1, RT.1 RW.1"
2022,2022,SDN Kebayoran Lama Utara 01,Jakarta Selatan,Kebayoran Lama,Kebayoran Lama Utara,"Jl. Kramat Jl. Asrama Polri No.RT 009 01, RT.5 RW.1"
2022,2022,SDN Kebayoran Lama Utara 09 Pagi,Jakarta Selatan,Kebayoran Lama,Kebayoran Lama Utara,"Jl. Delman Asri IX No.15, RT.6 RW.11"
2022,2022,SDN Kebayoran Lama Utara 13 Pagi,Jakarta Selatan,Kebayoran Lama,Cipulir,"Jl. Peninggaran Barat III, RT.10 RW.11"
2022,2022,SDN Petukangan Utara 08,Jakarta Selatan,Pesanggrahan,Petukangan Utara,"Jl. H. Gaim No.94, RT.5 RW.2"
2022,2022,SDN Grogol Utara 03 Pagi,Jakarta Selatan,Kebayoran Lama,Grogol Utara,Jl. Kebayoran Lama Pos Pengumben
2022,2022,SDN Grogol Utara 13 Pagi,Jakarta Selatan,Kebayoran Lama,Grogol Utara,Jl. Kemandoran VIII
2022,2022,SDN Grogol Utara 05 Pagi,Jakarta Selatan,Kebayoran Lama,Grogol Utara,"Jl. Masjid Nur No.33, RT.5 RW.10"
2022,2022,SDN Petukangan Utara 01 Pagi,Jakarta Selatan,Pesanggrahan,Petukangan Utara,"Jl. Mesjid Darul Falah No.31, RT.4 RW.3"
2022,2022,SDN Petukangan Utara 09 Pagi,Jakarta Selatan,Pesanggrahan,Petukangan Utara,"Jl. H. Jaelani I No.1, RT.11 RW.1"
2022,2022,SDN Petukangan Utara 10 Pagi,Jakarta Selatan,Pesanggrahan,Petukangan Utara,"Jl. H. Jaelani I No.46, RT.11 RW.1"
2022,2022,SDN Petukangan Selatan 05,Jakarta Selatan,Pesanggrahan,Petukangan Selatan,Jl. Inpres Rt.14 Rw.02
2022,2022,SDN Petukangan Selatan 01,Jakarta Selatan,Pesanggrahan,Petukangan Selatan,Jl. Sangrila Indah II
2022,2022,SDN Petukangan Selatan 02,Jakarta Selatan,Pesanggrahan,Petukangan Selatan,"Jl. Sakti VII No.6, RW.1"
2022,2022,SDN Ulujami 06 Pagi,Jakarta Selatan,Pesanggrahan,Ulujami,"Jl. Kp. Baru 5 No.50, RT.4 RW.2"
2022,2022,SDN Petukangan Utara 05 Pagi,Jakarta Selatan,Pesanggrahan,Petukangan Utara,"Jl. H. Muchtar Raya Gang SDN05, RT. 01 11"
2022,2022,SDN Ulujami 01 Pagi,Jakarta Selatan,Pesanggrahan,Ulujami,"Jl. Inspeksi, RT.7 RW.7"
2022,2022,SDN Ulujami 04 Pagi,Jakarta Selatan,Pesanggrahan,Ulujami,"Jl. Mairin Swadarma Raya Blok Haji Rohimin No.69, RT.19 RW.3"
2022,2022,SDN Bintaro 14 Pagi,Jakarta Selatan,Pesanggrahan,Bintaro,Jl. Mawar Dalam III Rt.006 05
2022,2022,SDN Ulujami 02,Jakarta Selatan,Pesanggrahan,Ulujami,"Jl. Swadarma Raya No.3, RT.3 RW.8"
2022,2022,SDN Bintaro 01,Jakarta Selatan,Pesanggrahan,Bintaro,Jl. Bintaro Permai III
2022,2022,SDN Bintaro 02,Jakarta Selatan,Pesanggrahan,Bintaro,"Jl. Bintaro Permai III No.1, RT.2 RW.9"
2022,2022,SDN Bintaro 08 Pagi,Jakarta Selatan,Pesanggrahan,Bintaro,Jl. Bintaro MKJ III RT 003 RW 13
2022,2022,SDN Bintaro 09 Pagi,Jakarta Selatan,Pesanggrahan,Bintaro,"Jl. Mawar III, RT.9 RW.5"
2022,2022,SDN Pesanggrahan 10 Pagi,Jakarta Selatan,Pesanggrahan,Pesanggrahan,"Jl. Kodam Bintaro, RT.6 RW.1"
2022,2022,SDN Pesanggrahan 05 Pagi,Jakarta Selatan,Pesanggrahan,Pesanggrahan,"Jalan Haji Gari No.24 1 3, RT.1 RW.3"
2022,2022,SDN Pesanggrahan 01,Jakarta Selatan,Pesanggrahan,Pesanggrahan,"l. Penerangan IV, RT.1 RW.2"
2022,2022,SDN Pesanggrahan 03,Jakarta Selatan,Pesanggrahan,Pesanggrahan,"Jl. Raya Kodam Bintaro No.17, RT.6 RW.3"
2022,2022,SMP Negeri 3,Jakarta Selatan,Tebet,Manggarai,"Jl. Manggarai Utara 4 No.6, RT.5 RW.1"
2022,2022,SMP Negeri 68 Jakarta,Jakarta Selatan,Cilandak,Cipete Selatan,"Jl. Cipete III No.4, RT.6 RW.4"
2022,2022,SMP Negeri 226,Jakarta Selatan,Cilandak,Pondok Labu,"Komplek TNI AL Pangkalan Jati, Jl. Kayu Kapur No.2, RT.8 RW.6"
2022,2022,SMP Negeri 96 Jakarta,Jakarta Selatan,Cilandak,Pondok Labu,"Jl. Komp. Timah Jl. Margasatwa, RT.1 RW.3"
2022,2022,SMP Darul Maarif Jakarta,Jakarta Selatan,Cilandak,Cipete Selatan,Jl. Darul Ma Arif No.45
2022,2022,SMP Palapa,Jakarta Selatan,Mampang Prapatan,Pela Mampang,"Jl. Bangka III No.3, RT.1 RW.2"
2022,2022,SMP Negeri 182,Jakarta Selatan,Pancoran,Kalibata,"Jl. Kalibata Timur I No.10, RT.10 RW.8, Kalibata"
2022,2022,SMP Negeri 154,Jakarta Selatan,Pancoran,Pengadegan,"Jl. Pengadegan Barat Raya No.13, RT.7 RW.4"
2022,2022,SD NEGERI DUREN SAWIT 01,Jakarta Timur,Duren Sawit,Duren Sawit,"Jl. Kelurahan I No.41, RW.4, Duren Sawit, Kec. Duren Sawit"
2022,2022,SD NEGERI DUREN SAWIT 02,Jakarta Timur,Duren Sawit,Duren Sawit,"Jl. Lkr. Timur Duren Sawit No.14, RW.8, Duren Sawit, Kec. Duren Sawit"
2022,2022,SD NEGERI DUREN SAWIT 05 PG,Jakarta Timur,Duren Sawit,Duren Sawit,"Komplek IKIP, Jl. Pendidikan IX No.1, RT.1 RW.14, Duren Sawit"
2022,2022,SD NEGERI DUREN SAWIT 06,Jakarta Timur,Duren Sawit,Duren Sawit,"Jl. Buluh Perindu Raya No.1, RT.16 RW.6, Pd. Bambu, Kec. Duren Sawit"
2022,2022,SDN Duren Sawit 07 Pg.,Jakarta Timur,Duren Sawit,Duren Sawit,"Jl. Kav. Agraria No.28A, RT.2 RW.16, Duren Sawit, Kec. Duren Sawit"
2022,2022,SDN Duren Sawit 08 Pg.,Jakarta Timur,Duren Sawit,Duren Sawit,"Jl. Inspeksi Saluran No.39A, RT.1 RW.16, Pd. Bambu, Kec. Duren Sawit"
2022,2022,SDN Duren Sawit 10 Pagi,Jakarta Timur,Duren Sawit,Duren Sawit,"Jl. Madrasah II No.45, RT.12 RW.10, Duren Sawit, Kec. Duren Sawit"
2022,2022,SD NEGERI DUREN SAWIT 13 PG,Jakarta Timur,Duren Sawit,Duren Sawit,"Jl. Mushola Al-Ihsan No.13B, RT.6 RW.7, Duren Sawit, Kec. Duren Sawit"
2022,2022,SDN DUREN SAWIT 14,Jakarta Timur,Duren Sawit,Duren Sawit,"Jl. Madrasah II No.RT.3, RT.009 010 RW.2, Duren Sawit, Kec. Duren Sawit"
2022,2022,SD NEGERI DUREN SAWIT 15 PG,Jakarta Timur,Duren Sawit,Duren Sawit,"Jl. Buluh Perindu Raya No.1, RT.16 RW.6, Pd. Bambu, Kec. Duren Sawit"
2022,2022,SD NEGERI DUREN SAWIT 16 PG,Jakarta Timur,Duren Sawit,Duren Sawit,"Jl. Masjid Al-Falah Gg. H. Tasmit No.4, RT.6 RW.5, Duren Sawit, Kec. Duren Sawit"
2022,2022,SD NEGERI DUREN SAWIT 18,Jakarta Timur,Duren Sawit,Duren Sawit,"Jl. Lkr. Timur Duren Sawit No.5, RW.8, Duren Sawit, Kec. Duren Sawit"
2022,2022,SDN MALAKA JAYA 01,Jakarta Timur,Duren Sawit,Malaka Jaya,"Jl. Bunga Rampai VIII No.2, RW.6, Malaka Jaya, Kec. Duren Sawit,"
2022,2022,SDN Malaka Jaya 04 Pg.,Jakarta Timur,Duren Sawit,Malaka Jaya,"Jl. Mawar Merah VI No.11, RT.11 RW.4, Malaka Jaya, Kec. Duren Sawit"
2022,2022,SD NEGERI MALAKA JAYA 05 PG,Jakarta Timur,Duren Sawit,Malaka Jaya,"Jl. Mawar Merah VI No.13, RW.6, Klender, Kec. Duren Sawit"
2022,2022,SDN Malaka Jaya 06 Pg.,Jakarta Timur,Duren Sawit,Malaka Jaya,"Jl. Bunga Rampai 7 No.196-53, RT.15 RW.6, Malaka Jaya, Kec. Duren Sawit"
2022,2022,SDN Malaka Jaya 07 Pg.,Jakarta Timur,Duren Sawit,Malaka Jaya,"Jl. Mawar Merah VI No.115, RT.12 RW.4, Malaka Jaya, Kec. Duren Sawit"
2022,2022,SDN Malaka Jaya 08,Jakarta Timur,Duren Sawit,Malaka Jaya,"Jl. Mawar Merah VII No.45, RT.14 RW.6, Malaka Jaya, Kec. Duren Sawit"
2022,2022,SDN Malaka Jaya 09,Jakarta Timur,Duren Sawit,Malaka Jaya,"Jl. Bunga Rampai 7 No.129, RT.15 RW.6, Malaka Jaya, Kec. Duren Sawit"
2022,2022,SDN Malaka Jaya 10,Jakarta Timur,Duren Sawit,Malaka Jaya,"Jl. Nusa Indah III, Perumnas Klender, RT.3 RW.5, Malaka Jaya, Kec. Duren Sawit"
2022,2022,SDN MALAKA JAYA 11,Jakarta Timur,Duren Sawit,Malaka Jaya,"Jl. Nusa Indah IV No.20, RT.12 RW.6, Malaka Jaya, Kec. Duren Sawit"
2022,2022,SDN MALAKA JAYA 12 PAGI,Jakarta Timur,Duren Sawit,Malaka Jaya,"Jl. Nusa Indah IV No.40-41, RT.9 RW.4, Malaka Jaya, Kec. Duren Sawit"
2022,2022,SD NEGERI MALAKA SARI 01 PG,Jakarta Timur,Duren Sawit,Malaka Sari,"Jl. Malaka III No.9, RT.1 RW.6"
2022,2022,SD NEGERI MALAKA SARI 02 PG,Jakarta Timur,Duren Sawit,Malaka Sari,"Jl. Malaka II, RT.1 RW.6"
2022,2022,SD NEGERI MALAKA SARI 04,Jakarta Timur,Duren Sawit,Malaka Sari,"Jl. Malaka III No.8, RT.8 RW.6"
2022,2022,SD NEGERI PONDOK BAMBU 01 PG,Jakarta Timur,Duren Sawit,Pondok Bambu,"Jl. Gading II Jalan H Kavling No.5, RW.11"
2022,2022,SD NEGERI PONDOK BAMBU 02 PG,Jakarta Timur,Duren Sawit,Pondok Bambu,"Jl. Pahlawan Revolusi, RT.4 RW.3"
2022,2022,SD NEGERI PONDOK BAMBU 13 PG,Jakarta Timur,Duren Sawit,Pondok Bambu,"Jl. Balai Rakyat 3 A No.13, RT.1 RW.1"
2022,2022,SD NEGERI PONDOK BAMBU 14,Jakarta Timur,Duren Sawit,Pondok Bambu,Jl. Balai Rakyat III No.14
2022,2022,Perpustakaan Politeknik Manufaktur Astra,Jakarta Utara,Tanjung Priok,Sungai Bambu,"Komplek Astra International Gedung B lantai 5, Jl. Gaya Motor Raya No 8, Sunter II, RW.8, Sungai Bambu, Tanjung Priok, RW.8, Sungai Bambu, Kec. Tj. Priok, Kota Jkt Utara, Daerah Khusus Ibukota Jakarta 14330"
2022,2022,Universitas Trisakti,Jakarta Barat,Grogol,Gerogol Petamburan,"Jl. Letjen S. Parman No.1, RT.6 RW.16"
2022,2022,Universitas Mercu Buana,Jakarta Barat,Meruya Selatan,Kembangan,"    Jl. Raya, RT.4 RW.1, Meruya Sel., Jakarta 11650"
2022,2022,Universitas Esa Unggul,Jakarta Barat,Duri Kepa,Kebon Jeruk,"Jl. Arjuna Utara No.9, Duri Kepa,  Jakarta 11510"
2022,2022,Universitas Nusa Mandiri,Jakarta Barat,Cengkareng Barat,Cengkareng  ,"Jl. Kamal Raya No. 18, RT.1 RW.6, Ring Road Barat, Cengkareng Barat"
2022,2022,Universitas Bina Sarana Informatika,Jakarta Barat,Cengkareng Timur,Cengkareng  ,"Jl. Kamal Raya No.18, RT.6 RW.3, Cengkareng Tim. Jakarta 11730"
2022,2022,Universitas Podomoro,Jakarta Barat,Tanjung Duren Selatan,Grogol Petamburan,"L3-112, Jl. Letjen S. Parman No.28, RT.12 RW.6, Tj. Duren Sel. Jakarta 11470"
2022,2022,Universitas Bina Nusantara,Jakarta Barat,Palmerah,Kemanggisan,"Jl. K H. Syahdan No. 9, Kelurahan Kemanggisan,    Jakarta Barat    11480     "
2022,2022,Universitas Tarumanagara,Jakarta Barat,Tomang,Grogol Petamburan,"Jl. Letjen S. Parman No.1, RT.3 RW.8, a Jakarta 11440"
2022,2022,Universitas Kristen Krida Wacana,Jakarta Barat,Tanjung Duren Utara,Grogol Petamburan,"Jl. Tanjung Duren Raya No.4, RT.12 RW.2,  Jakarta 11470"
2022,2022,Institut Teknologi PLN,Jakarta Barat,Cengkareng,Duri Kosambi,"Menara PLN, Jl. Lkr. Luar Barat, RT.1 RW.1, Duri Kosambi, Jakarta 11750"
2022,2022,Institut Teknologi Telkom Jakarta,Jakarta Barat,Cengkareng,Kedaung Kali Angke ,"Jl. Raya Daan Mogot No.KM. 11, RW.4, Kedaung Kali Angke, Jakarta 11710"
2022,2022,Perpustakaan Kampus USNI,Jakarta Selatan,Kebayoran Lama,Kebayoran Lama Utara,"Jl. Arteri Pondok Indah No. 11, Rt. 4  RW 2, Kebayoran Lama"
2022,2022,Perpustakaan Universitas Budi Luhur,Jakarta Selatan,Pesanggrahan,Petukangan Utara,"Jl. Ciledug Raya, RT.10 RW.2, Petukangan Utara, Kec. Pesanggrahan, Kota Jakarta Selatan, Daerah Khusus Ibukota Jakarta 12260"
2022,2022,Perpustakaan Universitas Pancasila,Jakarta Selatan,Jagakarsa,Srengseng Sawah,"Jl. Srengseng Sawah, RT.5 RW.5, Srengseng Sawah, Kec. Jagakarsa, Jakarta Selatan"
2022,2022,Perpustakaan Universitas Paramadina 4,Jakarta Selatan,Mampang Prapatan,Mampang Prapatan,"Jl. Gatot Subroto No. Kav. 97 Rt. 4 Rw 4, Mampang Prapatan, Kec. Mapang Prapatan"
2022,2022,"Universitas Sahid Jakarta, Kampus Soepomo",Jakarta Selatan,Tebet,Menteng Dalam,"Jl. Prof. DR. Soepomo No.84, RT.7 RW.1, Menteng Dalam, Kec. Tebet, Kota Jakarta Selatan, Daerah Khusus Ibukota Jakarta 12870"
2022,2022,Universitas Al Azhar Indonesia,Jakarta Selatan,Kebayoran Baru,Selong,"Jl. Sisingamangaraja, RT.2 RW.1, Selong, Kec. Kby. Baru, Kota Jakarta Selatan, Daerah Khusus Ibukota Jakarta 12110"
2022,2022,Universitas Muhammadiyah Prof.Dr.Hamka,Jakarta Selatan,Kebayoran Baru,Kramat Pela,"Jl. Limau II No.2, RT.3 RW.3, Kramat Pela, Kec. Kby. Baru, Kota Jakarta Selatan, Daerah Khusus Ibukota Jakarta 12130"
2022,2022,Perpustakaan Universitas Borobudur,JAKARTA TIMUR,MAKASSAR,-,"Jalan Raya Kalimalang Nomor 1, Rukun Tetangga 9 4, Kec. Makasar"
2022,2022,Perpustakaan Akademi Keperawatan Hermina Manggala Husada,JAKARTA TIMUR,JATINEGARA,-,"Jl. Jatinegara Barat No. 126, Kec. Jatinegara"
2022,2022,Perpustakaan Institut Bio Scientia Internasional Indonesia,JAKARTA TIMUR,PULO GADUNG,-,"Jalan Pulomas Barat Kavling 88, Kec. Pulogadung"
2022,2022,Perpustakaan Sekolah Tinggi Ilmu Ekonomi Swadaya,JAKARTA TIMUR,MAKASSAR,-,"Jalan Raya Jatiwaringin No.36, RT.7 RW.13, Cipinang Melayu, Kec. Makasar"
2022,2022,Perpustakaan FKIP UHAMKA,JAKARTA TIMUR,CIRACAS,-,"Jalan Tanah Merdeka, Kec. Ciracas"
2022,2022,Perpustakaan AMIK-ASM Laksi 31,JAKARTA TIMUR,MATRAMAN,-,"Jalan Bunga No 8-8A, Kec. Matraman"
2022,2022,Perpustakaan Universitas Darma Persada,JAKARTA TIMUR,DUREN SAWIT,-,"Jalan Taman Malaka Selatan Nomor 8, Kec. Duren Sawit"
2022,2022,Perpustakaan Akademi Telekomunikasi Indonesia Gemilang,JAKARTA TIMUR,MAKASSAR,-,"Jalan Raya Kalimalang Blok E 7-12 RT.2 RW.16, Kec. Makasar"
2022,2022,Perpustakaan Akademi Seni Rupa dan Desain ISWI  ASRIDE ,JAKARTA TIMUR,CAKUNG,-,"Taman Modern, Jalan Dahlia Blok E6, RT.17 RW.6, Kec. Cakung"
2022,2022,Perpustakaan Universitas Dirgantara Marsekal Suryadarma,JAKARTA TIMUR,MAKASSAR,-,"Jalan Angkasa, Komplek Angkasa, Halim Perdanakusuma, RT.7 RW.9, Kec. Makasar"
2022,2022,Perpustakaan Universitas Kristen Indonesia,JAKARTA TIMUR,KRAMAT JATI,-,"Jalan Mayjen Sutoyo Nomor 2, Kec. Kramatjati"
2022,2022,Perpustakaan Sekolah Tinggi Bahasa Asing Pertiwi,JAKARTA TIMUR,KRAMAT JATI,-,"Jalan Dewi Sartika Nomor Kavling 2-3, RT.6 RW.7, Kec. Kramatjati"
2022,2022,Perpustakaan Sekolah Tinggi Ilmu Ekonomi Tunas Nusantara,JAKARTA TIMUR,KRAMAT JATI,-,"Jalan Budhi Nomor 21, RT.3 RW.5, Kec. Kramatjati"
2022,2022,Perpustakaan Institut Bisnis Nusantara,JAKARTA TIMUR,JATINEGARA,-,"Jalan Mayjend D.I. Panjaitan Kavling 24, Kec. Jatinegara"
2022,2022,Perpustakaan Sekolah Tinggi Manajemen Transpor Trisakti,JAKARTA TIMUR,JATINEGARA,-,"Jalan IPN Kebon Nanas Nomor 2, Kec. Jatinegara"
2022,2022,Perpustakaan Sekolah Tinggi Teknologi Sapta Taruna,JAKARTA TIMUR,KRAMAT JATI,-,"Jalan DI. Panjaitan Kavling 12, Kec. Kramatjati"
2022,2022,Perpustakaan Sekolah Tinggi Ilmu Kesehatan Istara Nusantara Jakarta,JAKARTA TIMUR,KRAMAT JATI,-,"Jalan Raya Bogor, Blok Sakti Nomor 4, RT.1 RW.4, Kec. Kramatjati"
2022,2022,Perpustakaan Institut Teknologi dan Bisnis Kalbis,JAKARTA TIMUR,PULO GADUNG,-,"Jalan Pulomas Selatan Kavling 22, Kec. Pulogadung"
2022,2022,Perpustakaan Universitas Jayabaya,JAKARTA TIMUR,PULO GADUNG,-,"Jalan Pulomas Selatan Kavling Nomor 23, RT.4 RW.9, Kec. Pulogadung"
2022,2022,Perpustakaan Universitas Negeri Jakarta,JAKARTA TIMUR,PULO GADUNG,-,"Jalan Rawamangun Muka Raya Nomor 11, RT.11 RW.14, Kec. Pulogadung"
2022,2022,Perpustakaan Sekolah Tinggi Manajemen Asuransi Trisakti Jakarta,JAKARTA TIMUR,PULO GADUNG,-,"Kampus C Trisakti, Gedung A Jalan Jenderal Ahmad Yani Kavling 85, Kec. Pulogadung"
2022,2022,Perpustakaan Universitas Islam Jakarta,JAKARTA TIMUR,MATRAMAN,-,"Jalan Balai Rakyat Nomor 37, RT.8 RW.10, Kec. Matraman"
2022,2022,Perpustakaan Universitas Mpu Tantular,JAKARTA TIMUR,JATINEGARA,-,"Jalan Cipinang Besar Nomor 2, Kec. Jatinegara"
2022,2022,Perpustakaan Universitas Ibnu Chaldun,JAKARTA TIMUR,PULO GADUNG,-,"Jalan Pemuda I Kavling 97, Kec. Pulogadung"
2022,2022,Institut Keguruan dan Ilmu Pendidikan Jakarta,JAKARTA TIMUR,PULO GADUNG,-,"Jalan Rawangun Muka Komplek IKIP Jakarta, Kec. Pulogadung"
2022,2022,Perpustakaan Institut Teknologi Budi Utomo,JAKARTA TIMUR,DUREN SAWIT,-,"Jalan Mawar Merah Nomor 23, RT.2 RW.1, Kec. Duren Sawit"
2022,2022,Perpustakaan Sekolah Tinggi Teknologi Kelautan Hatawana,JAKARTA TIMUR,JATINEGARA,-,"Jalan Cipinang Besar Selatan Nomor 1, Kec. Jatinegara"
2022,2022,Perpustakaan Sekolah Tinggi Ilmu Ekonomi Yayasan Swadaya,JAKARTA TIMUR,MAKASSAR,-,"Jalan Raya Jatiwaringin Nomor 36, RT.7 RW.13, Kec. Makasar"
2022,2022,Perpustakaan Sekolah Tinggi Ilmu Ekonomi Kusumanegara,JAKARTA TIMUR,PASAR REBO,-,"Jalan Raya Bogor KM Nomor 24, Pasar Rebo, RT.3 RW.4, Kec. Pasar Rebo"
2022,2022,Perpustakaan Akademi Sekretaris LPK Tarakanita,JAKARTA TIMUR,DUREN SAWIT,-,"Kompleks Billy   Moon Pondok Kelapa, Kec. Duren Sawit"
2022,2022,Perpustakaan Politeknik Bisnis Indonesia,JAKARTA TIMUR,DUREN SAWIT,-,"Jalan Pertambangan Nomor 2-A, Kec. Duren Sawit"
2022,2022,Perpustakaan GS-FAME Institute of Business,JAKARTA TIMUR,PULO GADUNG,-,"Jalan Pulo Mas Timur 3A Blok A Nomor 2, Kec. Pulogadung"
2022,2022,Perpustakaan Universitas Jakarta,JAKARTA TIMUR,PULO GADUNG,-,"Jalan Pulomas Barat Nomor 9, RT.11 RW.12, Kec. Pulogadung"
2022,2022,Perpustakaan Sekolah Tinggi Ilmu Ekonomi Kusuma Negara,JAKARTA TIMUR,PASAR REBO,-,"Jalan Raya Bogor KM Nomor 24, Kec. Pasar Rebo"
2022,2022,Perpustakaan Institut Teknologi Budi Utomo,JAKARTA TIMUR,DUREN SAWIT,-,"Jalan Mawar Merah Nomor 23, RT.2 RW.1, Kec. Duren Sawit"
2022,2022,Perpustakaan Sekolah Tinggi Ilmu Ekonomi Indonesia Jakarta,JAKARTA TIMUR,PULO GADUNG,-,"Jalan Kayu Jati Raya Nomor 11A, Kec. Pulogadung"
2022,2022,Perpustakaan Universitas Wiraswasta Indonesia,JAKARTA TIMUR,KRAMAT JATI,-,"Jalan SMEA 6 Nomor 53, Kec. Kramatjati"
2022,2022,Miftahul Salam,Jakarta Pusat,Gambir,Duri Pulo,Jalan Setia Kawan Ujung No.4 RT 013 RW 012
2022,2022,Baitul Huda,Jakarta Pusat,Tanah Abang ,Kebon Kacang,Jalan Kebon Kacang
2022,2022,Nurul Muslimin,Jakarta Pusat,Johar Baru,Galur,Jalan Rawa Sawah 1 RT 06 RW 06
2022,2022,Al Hikmah,Jakarta Pusat,Cempaka Putih,Cempaka Putih Barat,Jalan Kebanggaan RT 08 RW 013
2022,2022,Al Anwar RW 13,Jakarta Pusat,Cempaka Putih,Cempaka Putih Barat,Jalan Murdhi 1
2022,2022,Musholla Nurul Islam,Jakarta Pusat,Cempaka Putih,Cempaka Putih Barat,Jalan Cempaka II RT 003 RW 09
2022,2022,Al Amir Rw 09,Jakarta Pusat,-,Gunung Sahari Selatan,-
2022,2022,Masjid Al Mukarromah,Jakarta Utara,Koja,Lagoa,"Jl. Mangga, RT.2 RW.9, Lagoa, Kec. Koja, Jkt Utara, Daerah Khusus Ibukota Jakarta 14270"
2022,2022,SD NEGERI PONDOK BAMBU 15 PG,Jakarta Timur,Duren Sawit,Pondok Bambu,Jl. Balai Rakyat III No.15
2022,2022,SD NEGERI PONDOK KELAPA 01 PAGI,Jakarta Timur,Duren Sawit,Pondok Kelapa,"Jl. Tipar Kav. DKI No.12, RW.4"
2022,2022,SD NEGERI PONDOK KELAPA 03 PAGI,Jakarta Timur,Duren Sawit,Pondok Kelapa,"Jl. Tipar Kav. DKI No.12, RT.12 RW.4"
2022,2022,SD NEGERI PONDOK KELAPA 05 PG,Jakarta Timur,Duren Sawit,Pondok Kelapa,"Jl. H. Naman No.77, RW.2"
2022,2022,SD NEGERI PONDOK KELAPA 06,Jakarta Timur,Duren Sawit,Pondok Kelapa,"Jalan AD Lampiri Raya No.30, RT.4 RW.12"
2022,2022,SD NEGERI PONDOK KELAPA 07 PAGI,Jakarta Timur,Duren Sawit,Pondok Kelapa,Komplek DKI RT.010 RW.002
2022,2022,SD NEGERI PONDOK KELAPA 10 PAGI,Jakarta Timur,Duren Sawit,Pondok Kelapa,"Jl. Padat Karya III No.8, RT.8 RW.1"
2022,2022,SD NEGERI PONDOK KOPI 01 PAGI,Jakarta Timur,Duren Sawit,Pondok Kopi,"Jl. Bina Karya No.1, RT.6 RW.1"
2022,2022,SD NEGERI PONDOK KOPI 02 PAGI,Jakarta Timur,Duren Sawit,Pondok Kopi,Jl. Rawa Jaya Rt. 06 04
2022,2022,SD NEGERI PONDOK KOPI 04 PAGI,Jakarta Timur,Duren Sawit,Pondok Kopi,"Jl. Robusta Raya Blok P5, RT. 01   RW. 07"
2022,2022,SD NEGERI PONDOK KOPI 07 PAGI,Jakarta Timur,Duren Sawit,Pondok Kopi,"Jl. Bina Karya No.1, RT.6 RW.1"
2022,2022,SD NEGERI PONDOK KOPI 08 PG,Jakarta Timur,Duren Sawit,Pondok Kopi,"Jl. Sekolahan No.34, RT.1 RW.7"
2022,2022,SDN KLENDER 01,Jakarta Timur,Duren Sawit,Klender,"Jl. Pertanian Sel. No.25, RT.7 RW.2"
2022,2022,SDN Klender 03 Pg.,Jakarta Timur,Duren Sawit,Klender,"Jl. Radin Inten II No.113, RT.8 RW.14"
2022,2022,SDN KLENDER 04,Jakarta Timur,Duren Sawit,Klender,"Jl. Duren Sawit Barat III A No.6, RT.6 RW.11"
2022,2022,SD NEGERI KLENDER 06 PAGI,Jakarta Timur,Duren Sawit,Klender,"Jl. Pertanian Timur, RT.15 RW.2"
2022,2022,SDN KLENDER 10 PAGI,Jakarta Timur,Duren Sawit,Klender,"Jl. Radin Inten II No.110, RT.8 RW.14,"
2022,2022,SDN Klender 12 Pg.,Jakarta Timur,Duren Sawit,Klender,"Jl. Pertanian Utara No.38, RW.1"
2022,2022,SDN KLENDER 13,Jakarta Timur,Duren Sawit,Klender,"Jl. Bulak Timur I No.9, RT.3 RW.16"
2022,2022,SD NEGERI KLENDER 14,Jakarta Timur,Duren Sawit,Klender,"Jl. Dermaga Baru I No.8, RW.16"
2022,2022,SD NEGERI KLENDER 15 PAGI,Jakarta Timur,Duren Sawit,Klender,Jl. Dermaga Baru Rt.08 Rw.16
2022,2022,SDN Klender 16,Jakarta Timur,Duren Sawit,Klender,"Jl. Dermaga Baru I No.016, RT.8 RW.16"
2022,2022,SD NEGERI KLENDER 22 PAGI,Jakarta Timur,Duren Sawit,Klender,"Jl. Buaran 2 No.49, RT.4 RW.13"
2022,2022,Akademi Pariwisata Gsp Internasional,JAKARTA PUSAT,SENEN,KRAMAT,Jalan Kramat VI No 36
2022,2022,Akademi Pariwisata Jakarta,JAKARTA PUSAT,CEMPAKA PUTIH,CEMPAKA PUTIH TIMUR,Jln. Cempaka Putih Tengah 32 B
2022,2022,Akademi Pariwisata Nusantara Jaya,JAKARTA PUSAT,-,KRAMAT,Gedung Graha Cempaka Emas Blok D I 2
2022,2022,Akademi Sekretari dan Manajemen BSI,JAKARTA PUSAT,-,KENARI,"Jl. Kramat Raya No. 168, Kenari"
2022,2022,Akademi Sekretari dan Manajemen Saint Mary,JAKARTA PUSAT,-,-,Jl. A.M. Sangaji No. 6
2022,2022,Akademi Sekretari Regina Con021-3813176tesorum,JAKARTA PUSAT,-,-,Jln. Krekot Bunder No. 38
2022,2022,Akademi Sekretari Saint Theresia,JAKARTA PUSAT,SENEN,-,Jl. Gunung Sahari Raya 97 Senen
2022,2022,Akademi Theologia Amanat Penuaian Terakhir,JAKARTA PUSAT,-,-,Jl. Batu Tulis Raya No. 43
2022,2022,AMIK Bina Sarana Informatika,JAKARTA PUSAT,SENEN,PASEBAN,Jl. Salemba Tengah No. 45 Paseban Senen
2022,2022,AMIK Gandhi,JAKARTA PUSAT,-,-,"Jln HBR. Motik, Komplek Kota Baru Bandar"
2022,2022,Institut Kesenian Jakarta,JAKARTA PUSAT,MENTENG,CIKINI,Jl. Cikini Raya No. 73
2022,2022,Institut Theologia dan Keguruan Indonesia,JAKARTA PUSAT,TANAH ABANG,PETAMBURAN,Jl. Petamburan IV No. 5 Tanah Abang
2022,2022,Politeknik LP3I,JAKARTA PUSAT,-,KRAMAT,"GD. Sentra Kramat, Jl. Kramat Raya No. 7 9"
2022,2022,Sekolah Tinggi Hukum Indonesia,JAKARTA PUSAT,-,KARET TENGSIN,Jalan Masjid I No. 5 Karet Tengsin
2022,2022,Sekolah Tinggi Ilmu Administrasi Mandala Indonesia,JAKARTA PUSAT,CEMPAKA PUTIH,CEMPAKAPUTIH,Jl. Pangkalan Asem Raya No. 55 Cempaka Putih
2022,2022,Sekolah Tinggi Ilmu Kesehatan Kesetiakawanan Sosial Indonesia,JAKARTA PUSAT,SENEN,KENARI,Jl. Kramat V No.6 Kel. Kenari Kec. Senen
2022,2022,Sekolah Tinggi Ilmu Kesehatan Saint Carolus,JAKARTA PUSAT,-,-,Jl. Salemba Raya No. 41
2022,2022,Sekolah Tinggi Ilmu Komunikasi LSPR,JAKARTA PUSAT,-,-,Jl. Jend. Sudirman Kav. 32
2022,2022,Sekolah Tinggi Kedokteran YARSI Jakarta,JAKARTA PUSAT,CEMPAKA PUTIH,-,"Jl. Let. Jend. Suprapto, Cempaka Putih"
2022,2022,Sekolah Tinggi Manajemen Industri Indonesia,JAKARTA PUSAT,CEMPAKA PUTIH,-,Jl. Letjen Suprapto No. 26 - Cempaka Putih
2022,2022,Sekolah Tinggi Manajemen Labora,JAKARTA PUSAT,MENTENG,CIKINI,Jl. Cisadane No. 2 Cikini
2022,2022,Sekolah Tinggi Teknologi Indonesia,JAKARTA PUSAT,-,-,Jalan Matraman No 3-7
2022,2022,STIE Gandhi,JAKARTA PUSAT,-,-,Jl. Pasar Baru Selatan No. 10
2022,2022,STIE Ganesha,JAKARTA PUSAT,-,-,Jl. Salemba Raya
2022,2022,STIE ISM,JAKARTA PUSAT,-,-,Jl. Tirtayasa II Kebayoran Baru
2022,2022,STIE Jayakusuma,JAKARTA PUSAT,-,-,Jl. Suryopranoto 1-9
2022,2022,STIE Muhammadiyah Jakarta,JAKARTA PUSAT,-,KRAMAT,Jl. Kramat Raya No. 49
2022,2022,STIE Olah Trampil Cendekia,JAKARTA PUSAT,-,-,Jln. Tanah Abang I No. 12 C
2022,2022,STIE Setia Budi,JAKARTA PUSAT,CEMPAKA PUTIH,GALUR,Jl. Perunggu No.53-54 Galur Cempaka Putih
2022,2022,STIE Taman Siswa,JAKARTA PUSAT,KEMAYORAN,-,Jl. Garuda No. 44 Kemayoran
2022,2022,STIE Tri Dharma Widya,JAKARTA PUSAT,MENTENG,-,Jalan Cikini Raya No.64 Menteng
2022,2022,STIE YAI,JAKARTA PUSAT,-,KRAMAT,Jl. Kramat Raya No. 98
2022,2022,STMIK Jayakarta,JAKARTA PUSAT,-,-,Jalan Salemba Raya No. 24
2022,2022,STMIK Muhammadiyah,JAKARTA PUSAT,-,KRAMAT,"Jl. Kramat No. 47 A, Senen"
2022,2022,STMIK Nusa Mandiri,JAKARTA PUSAT,-,-,Jl. Kramat Raya No. 25
2022,2022,Universitas Bung Karno,JAKARTA PUSAT,-,-,Jl. Pegangsaan Timur No. 17
2022,2022,Universitas Katolik Indonesia Atma Jaya,JAKARTA PUSAT,-,-,Jl. Jenderal Sudirman 51
2022,2022,Universitas Persada Indonesia Y.A.I,JAKARTA PUSAT,-,-,Jl. Diponegoro No. 74
2022,2022,Universitas Pertahanan Indonesia,JAKARTA PUSAT,-,-,Jl. Salemba Raya No. 14
2022,2022,Universitas Prof. Dr. Moestopo,JAKARTA PUSAT,-,-,Jl. Hanglekir I No. 8
2022,2022,Universitas YARSI,JAKARTA PUSAT,-,-,"Jl. Let. Jend. Suprapto, Cempaka Putih"
2022,2022,Akademi Akuntansi Artawiyata Indo-LPI,JAKARTA PUSAT,-,-,Jln. Teuku Cik Ditiro No. 9
2022,2022,Akademi Akuntansi YAI,JAKARTA PUSAT,-,-,Jl. Diponegoro No. 74
2022,2022,Akademi Asuransi Indonesia,JAKARTA PUSAT,-,-,Gedung Jiwasraya Lt.3 Jln. Cikini Raya No. 97
2022,2022,Akademi Bahasa Asing BSI,JAKARTA PUSAT,-,-,Jln. Bendungan Hilir Bolk GI   3A
2022,2022,Akademi Bahasa Asing Indonesia LPI,JAKARTA PUSAT,-,-,Jln. Cikini Raya No. 64
2022,2022,Akademi Bahasa Asing Saint Mary,JAKARTA PUSAT,-,-,Jln. Ir. H. Juanda No. 30
2022,2022,Akademi Kebidanan Kartika Mitra Husada,JAKARTA PUSAT,-,CEMPAKA PUTIH BARAT,Jl. Cempaka Putih Raya 1 Cempaka Putih Barat
2022,2022,Akademi Keperawatan Rumah Sakit DGI Cikini,JAKARTA PUSAT,-,-,Jl. Raden Saleh No. 40 Cikini
2022,2022,Akademi Keperawatan Rumah Sakit Husada,JAKARTA PUSAT,-,-,Jl. Raya Mangga Besar 137-139
2022,2022,Akademi Keuangan Dan Perbankan Patrisia,JAKARTA PUSAT,-,-,Jln. Kramat Raya No. 148 C
2022,2022,Akademi Keuangan Dan Perbankan Yapenanta,JAKARTA PUSAT,-,-,Jln. Kalileo 3 Senen
2022,2022,Akademi Komunikasi Bina Sarana Informatika,JAKARTA PUSAT,-,-,Jl. Salemba Tengah No. 43
2022,2022,Akademi Manajemen YAPK,JAKARTA PUSAT,-,-,Jln. Menteng Raya IX 1
2022,2022,Perpustakaan Universitas Bunda Mulia,Jakarta Utara,Pademangan,Ancol,"Jl. Lodan Raya No.12, RT.12 RW.2, Ancol, Kec. Pademangan, Kota Jkt Utara, Daerah Khusus Ibukota Jakarta 14430"
2022,2022,Perpustakaan STIE Triananda,Jakarta Utara,Koja,Rawa Badak Selatan,"Jl. Samudra Oxford No.01, RT.3 RW.6, Rawabadak Sel., Kec. Koja, Kota Jkt Utara, Daerah Khusus Ibukota Jakarta 14230"
2022,2022,SDN Cilandak Barat 17 Pagi,Jakarta Selatan,Cilandak,Cilandak Barat,Jl. R.A Kartini Gg Ampera RT RW 011 04
2022,2022,SDN Lebak Bulus 03 Pagi,Jakarta Selatan,Cilandak,Lebak Bulus,Jl. Pertanian III No. 58 RT RW 10 4
2022,2022,SDN Gandaria Selatan 01,Jakarta Selatan,Cilandak,Gandaria Selatan,Jl. Teladan No.3 RT 003 RW 006
2022,2022,SDI Darul Maarif,Jakarta Selatan,Cilandak,Cipete Selatan,Jl. Rs Fatmawati No. 45 RT RW 2 5
2022,2022,SDN Cilandak Barat 12,Jakarta Selatan,Cilandak,Cilandak Barat,Jl. Taman Wijaya Kusuma III RT RW 4 2
2022,2022,SDN Cilandak Barat 08,Jakarta Selatan,Cilandak,Cilandak Barat,Jl. Taman Wijayakusuma V RT RW 9 4
2022,2022,SDN Pela Mampang 09,Jakarta Selatan,Mampang Prapatan,Pela Mampang,"Jl. Bangka VIIIC No.74, RT.14 RW.12"
2022,2022,SDN Pela Mampang 01,Jakarta Selatan,Mampang Prapatan,Pela Mampang,Jl. Bangka II Gang 5 RT RW 2 10
2022,2022,SDN Pela Mampang 14 Pagi,Jakarta Selatan,Mampang Prapatan,Pela Mampang,"Jl. Bangka X Dalam, RT.5 RW.7"
2022,2022,SDN Pela Mampang 08,Jakarta Selatan,Mampang Prapatan,Pela Mampang,"Jl. Bangka VIII, Gang Manggis, RT. 07  12"
2022,2022,SDN Bangka 05,Jakarta Selatan,Mampang Prapatan,Bangka,"Jl. Kemang Selatan I No.1, RT.5 RW.3"
2022,2022,SDN Bangka 07 Pagi,Jakarta Selatan,Mampang Prapatan,Bangka,"Jl. Kemang Timur XI No.1, RT.12 RW.8"
2022,2022,SDN Bangka 01 Pagi,Jakarta Selatan,Mampang Prapatan,Bangka,"Jl. Kemang Tim. 18 No.1, RT.1 RW.3"
2022,2022,SDN Bangka 03 Pagi,Jakarta Selatan,Mampang Prapatan,Bangka,"Jl. Kemang Timur Mampang Bangka No.11, RT.11 RW.3"
2022,2022,SDN Mampang Prapatan 03 Pagi,Jakarta Selatan,Mampang Prapatan,Mampang Prapatan,Jl. Kapten Tendean Gg. Kamboja No. 44
2022,2022,SDN Mampang Prapatan 05 Pagi,Jakarta Selatan,Mampang Prapatan,Mampang Prapatan,Jl. Kapten Tendean Gg. Kamboja No.44 RT. 003 RW. 02
2022,2022,SDN Pela Mampang 03 Pagi,Jakarta Selatan,Mampang Prapatan,Pela Mampang,"Jl. Pondok Karya IX No.9 A, RT.8 RW.4"
2022,2022,SDN Pela Mampang 05,Jakarta Selatan,Mampang Prapatan,Pela Mampang,Jl. Pondok Jaya VI  1 RT RW 6 6
2022,2022,SDN Pela Mampang 11,Jakarta Selatan,Mampang Prapatan,Pela Mampang,Jl. Pondok Jaya VI  1 RT RW 6 6
2022,2022,SDN Pela Mampang 12,Jakarta Selatan,Mampang Prapatan,Pela Mampang,"Jl. Bangka 7A, RT.9 RW.11"
2022,2022,SDN Pela Mampang 07,Jakarta Selatan,Mampang Prapatan,Pela Mampang,"Jl. Bangka IX No.1, RT.9 RW.10"
2022,2022,SDN Tegal Parang 05,Jakarta Selatan,Mampang Prapatan,Tegal Parang,"Jalan Tegal Parang Gang BB 2 No. 36, Tegal Parang, Mampang, RT.7 RW.5"
2022,2022,SDN Tegal Parang 06 Pagi,Jakarta Selatan,Mampang Prapatan,Tegal Parang,"Jl. Mampang Prapatan XIII No.68, RW.3"
2022,2022,SDN Duren Tiga 05 Pagi,Jakarta Selatan,Pancoran,Duren Tiga,"Jl. Guru Alip No.10B, RT.5 RW.6"
2022,2022,SDN Cikoko 01 Pagi,Jakarta Selatan,Pancoran,Cikoko,"Jl Cikoko Bar Dalam 4 No.26, RT.2 RW.5"
2022,2022,SDN Duren Tiga 09,Jakarta Selatan,Pancoran,Duren Tiga,"Jl. KH.Mahmud,Buntu No.14, RT.4 RW.4"
2022,2022,SDN Cikoko 03 Pagi,Jakarta Selatan,Pancoran,Cikoko,"Jl. Cikoko Bar. III No.23, RT.5 RW.5"
2022,2022,SDI Terpadu Insan Mandiri,Jakarta Selatan,Pasar Minggu,Pejaten Timur,"Jl. Batu Merah No.71, RW.2, Pejaten Timur"
2022,2022,SDN Pancoran 03 Pagi,Jakarta Selatan,Pancoran,Pangadegan,"Jl. Pengadegan Utara  D H Sarinah 1  No.9, RT.2 RW.8"
2022,2022,SDN Pancoran 05 Pagi,Jakarta Selatan,Pancoran,Pangadegan,"Jl. Pancoran Timur IIC, RT.5 RW.8"
2022,2022,SDN Duren Tiga 14 Pagi,Jakarta Selatan,Pancoran,Kalibata,"Jl. Kalibata Utara VI No.28, RT.15 RW.2"
2022,2022,SDN Pancoran 01 Pagi,Jakarta Selatan,Pancoran,Pancoran,Jl. Triloka XII Komp. TNI AU RT RW 3 4
2022,2022,SDN Pancoran 08 Pagi,Jakarta Selatan,Pancoran,Pancoran,"Jl. Pancoran Barat VIII Blok Rcc 29 No.11, RT.10 RW.6"
2022,2022,SDN Pengadegan 07 Pagi,Jakarta Selatan,Pancoran,Pancoran,"Jl. Pancoran Barat VIII No.8 A, RT.10 RW.3"
2022,2022,SDN Kalibata 01,Jakarta Selatan,Pancoran,Kalibata,"Jl. Dharma Komplek POMAD, RT.19 RW.6"
2022,2022,SDN Pancoran 10 Pagi,Jakarta Selatan,Pancoran,Pancoran,"Jl. Pancoran Barat VIII a No.RT 009 003, RT.9 RW.3"
2022,2022,SDN Kalibata 07 Pagi,Jakarta Selatan,Pancoran,Kalibata,"Jl. Kalibata Timur IV No.1, RT.10 RW.8"
2022,2022,SDN Pengadegan 03,Jakarta Selatan,Pancoran,Pangadegan,"Jl. Pengadegan Timur I No.2, RT.1 RW.1"
2022,2022,SDN Rawajati 03 Pagi,Jakarta Selatan,Pancoran,Rawajati,"Jl. Zeni Ad VII No.3, RT.2 RW.3"
2022,2022,SDN Rawajati 01 Pagi,Jakarta Selatan,Pancoran,Rawajati,"Jl. Rawajati Barat, RT.5 RW.4"
2022,2022,SDN Rawajati 07 Pagi,Jakarta Selatan,Pancoran,Rawajati,"Jl. Sd Rawajati 07 Komplek, Jl. Zeni Ad No.57, RT.11 RW.3"
2022,2022,SDN Rawajati 06 Pagi,Jakarta Selatan,Pancoran,Rawajati,"Jl. Rawajati Barat II No.Gg. A5, RW.4"
2022,2022,SDN Bukit Duri 03,Jakarta Selatan,Tebet,Bukit Duri,Jl. Peruk No.32 Bukit Duri
2022,2022,SDN Bukit Duri 05 Pagi,Jakarta Selatan,Tebet,Bukit Duri,Jl. Peruk No.32 Rt 08 03 RT RW 3 8
2022,2022,SDN Kebon Baru 05,Jakarta Selatan,Tebet,Kebon Baru,Gudang Peluru RT.2 RW.3
2022,2022,SDN Kebon Baru 11,Jakarta Selatan,Tebet,Kebon Baru,"Jl. H No.39a, RT.3 RW.8"
2022,2022,SDN Manggarai Selatan 01,Jakarta Selatan,Tebet,Manggarai Selatan,"Jl. Dr. Saharjo Jl. Rambutan No.37, RW.7"
2022,2022,SDN Manggarai Selatan 03,Jakarta Selatan,Tebet,Manggarai Selatan,Jl. Sederhana I RT.16 02
2022,2022,SDN Tebet Timur 01 Pagi,Jakarta Selatan,Tebet,Tebet Timur,Jl. Tebet Timur I F  14 A RT RW 5 12
2022,2022,SDN Menteng Dalam 05 Pagi,Jakarta Selatan,Tebet,Menteng Dalam,"Jl. Prof. Soepomo, SH RT RW 1 1"
2022,2022,SDN Menteng Dalam 07 Pagi,Jakarta Selatan,Tebet,Menteng Dalam,Jl. Flamboyan I RT RW 9 10
2022,2022,SDN Tebet Barat 03 Pagi,Jakarta Selatan,Tebet,Tebet Barat,Jl. Tebet Barat Dalam VI RT RW 4 6
2022,2022,SDN Karet 01 Pagi,Jakarta Selatan,Setia Budi,Karet,Jl. Karet Belakang No. 2 RT 013 03
2022,2022,SDN Menteng Atas 02,Jakarta Selatan,Setia Budi,Menteng Atas,Jl. Dr. Saharjo No. 121 
2022,2022,SDN Menteng Atas 01 Pagi,Jakarta Selatan,Setia Budi,Menteng Atas,Jl. Dr. Saharjo No. 121 RT RW 8 1
2022,2022,SDN Karet Kuningan 01 Pagi,Jakarta Selatan,Setia Budi,Karet Kuningan,Jl. Bek Murad No.14a
2022,2022,SDN Menteng Atas 11,Jakarta Selatan,Setia Budi,Menteng Atas,Jl. Minangkabau Dalam RT RW 6 12
2022,2022,SDN Menteng Atas 14,Jakarta Selatan,Setia Budi,Menteng Atas,Jl. Minangkabau Dalam RT RW 14 6
2022,2022,SDN Menteng Atas 05 Pagi,Jakarta Selatan,Setia Budi,Menteng Atas,Jl. Muria No. 43 RT RW 1 2
2022,2022,SDN Guntur 01,Jakarta Selatan,Setia Budi,Guntur,"Jl. Sumbing, No. 30 RT RW 03 01"
2022,2022,SDN Gandaria Utara 11 Pagi,Jakarta Selatan,Kebayoran Baru,Gandaria Utara,Jl. Bri Radio Dalam RT RW 3 15
2022,2022,SDN Pasar Manggis 01 Pagi,Jakarta Selatan,Setia Budi,Pasar Manggis,Jl. Menteng Granit VII 5 
2022,2022,SD Mentari Intercultural School Jakarta,Jakarta Selatan,Kebayoran Baru,Cipete Utara,Jl. H. Jian No. 6 RT RW 3 5
2022,2022,SDN Gandaria Utara 01 Pagi,Jakarta Selatan,Kebayoran Baru,Gandaria Utara,Jl. Gotong Royong II RT RW 10 6
2022,2022,SDN Kebayoran Lama Selatan 14 Pagi,Jakarta Selatan,Kebayoran Lama,Kebayoran Lama Selatan,"JL. Jatayu No.36, RT.3 RW.3"
2022,2022,SDN Kebayoran Lama Selatan 05 Pagi,Jakarta Selatan,Kebayoran Lama,Kebayoran Lama Selatan,"Jl. Darma Putra Raya No.23, RT.9 RW.5"
2022,2022,SDN Kebayoran Lama Selatan 17 Pagi,Jakarta Selatan,Kebayoran Lama,Kebayoran Lama Selatan,"Jl. Darma Putra, RT.3 RW.5"
2022,2022,SDN Kebayoran Lama Selatan 12 Pagi,Jakarta Selatan,Kebayoran Lama,Kebayoran Lama Selatan,"Jl. Harun Buntu, RT.10 RW.1"
2022,2022,SDN Kebayoran Lama Utara 11,Jakarta Selatan,Kebayoran Lama,Kebayoran Lam Utara,Jl. Delman Asri XI RT RW 014 011
2022,2022,SDN Kebayoran Lama Selatan 09 Pagi,Jakarta Selatan,Kebayoran Lama,Kebayoran Lama Selatan,Jl. Moh. Ismail RT. 005 RW. 010 No. 3 Tanah Kusir
2022,2022,SDN Keb. Lama Selatan 19 Pagi,Jakarta Selatan,Kebayoran Lama,Kebayoran Lama Selatan,Jl. DHARMA PUTRA RAYA NO 51 KOMP.KOSTRAD RT RW 7 7
2022,2022,SDN Cipulir 11 Pagi,Jakarta Selatan,Kebayoran Lama,Cipulir,"Jl. Samudra I RT.02   RW.06 Kebayoran Lama, RT.2 RW.11"
2022,2022,SDN Cipulir 07,Jakarta Selatan,Kebayoran Lama,Cipulir,"Jl. Kebon Mangga I No.3, RT.12 RW.3"
2022,2022,SDN Grogol Selatan 08,Jakarta Selatan,Kebayoran Lama,Grogol Selatan,"Jl. Masjid Jami An-Nur III No.51, RT.13 RW.1"
2022,2022,Masjid Baiturrahman,Jakarta Barat,Kembangan,Kembangan Utara,JL.H.MADING KEMBANGAN UTARA    
2022,2022,Masjid Al-Hikmah,Jakarta Barat,Cengkareng,Duri Kosambi,"Jl. Petir Utama No.36, RT.6 RW.8, Duri Kosambi, Jakarta 11750"
2022,2022,Masjid Al-Falah,Jakarta Barat,Kebon Jeruk ,Sukabumi Selatan,"Jl. KH. Thohir No.43, RT.3 RW.7, Jakarta 11560, Indonesia."
2022,2022,Masjid Al-Furqon,Jakarta Barat,Palmerah,Selipi,"Jl. O No.23, RT.7 RW.7, Jakarta 11410"
2022,2022,Masjid As-Siroth,Jakarta Barat,Kebayoran lama,Grogol Selatan,"Jl. Asshroth, Kebon Jeruk, RT.7 RW.1, Grogol Sel., Jakarta 12220"
2022,2022,Perpustakaan Masjid Ni matul Ittihad,Jakarta Selatan,Kebayoran Lama,Pondok Pinang,"Jl. Ciputat Raya No.10, RT.10 RW.2, Pd. Pinang, Kec. Kby. Lama, Kota Jakarta Selatan, Daerah Khusus Ibukota Jakarta 12310"
2022,2022,Perpustakaan Masjid Alfalah,Jakarta Selatan,Kebayoran Lama,Grogol Selatan,"Jalan Al-Falah Raya, Kampung Baru, Pasar Rebo, RT.9 RW.3, Grogol Sel., Kec. Kby. Lama, Kota Jakarta Selatan, Daerah Khusus Ibukota Jakarta 12220"
2022,2022,Perpustakaan St. Ignasius,Jakarta Selatan,Cilandak,Cilandak Barat," Jl. KH Muhasim Raya No.27, RT.12 RW.6, Cilandak Bar., Kec. Cilandak, Kota Jakarta Selatan, Daerah Khusus Ibukota Jakarta 12430"
2022,2022,Masjid Jami  Al-Anwar,Jakarta Timur,Jatinegara,Rawa Bunga,"Jl. Masjid I No.6, RW.7, Rw. Bunga, Kecamatan Jatinegara, Kota Jakarta Timur"
2022,2022,Masjid Al-Ihsan,Jakarta Timur,Pulo Gadung,Cipinang,Jl Cipinang Empang Timur RT 001 RW 015
2022,2022,Masjid Al-Muhajirin,Jakarta Timur,Duren Sawit,Malaka Sari,Jl Anggrek III RT 002 RW 02
2022,2022,Masjid Al Furqon,Jakarta Timur,Matraman,Palmeriam,Penegak Raya RT 005 RW 02
2022,2022,Masjid Al Barokah,Jakarta Timur,Kramat Jati,Tengah,Jl Masjid Kel. Tengah
2022,2022,Masjid Baitul Muttaqin,Jakarta Timur,Pasar Rebo,Kalisari,Jl Kalisari 3
2022,2022,Masjid Al-Abror,Jakarta Timur,Makasar,Makasar,Jl Lembur RT 16 RW 06
2022,2022,Masjid Nurur Rohmah,Jakarta Timur,Ciracas,Ciracas,Jl. Penganten Ali RT 008 RW 06
2022,2022,Masjid Jami Al Iklas,Jakarta Timur,Jatinegara,Cipinang Besar Selatan,Rusun Cipinang Besar Selatan Jl Griya Wartawan
2022,2022,Masjid Al Muchlisin,Jakarta Timur,Cipayung,Bambu Apus,Jl Gebang Sari Kel. Bambu Apus RT 001 RW 03